,SA2 Code,SA2 Name,Household Size,2006,2011,2016,,,,,,
0,502011021,Dawesville - Bouvard,Total,1389,1970,2515,,,,,,
1,502011021,Dawesville - Bouvard,1,211,355,459,,,,,,
2,502011021,Dawesville - Bouvard,2,610,817,1061,,,,,,
3,502011021,Dawesville - Bouvard,3,184,267,371,,,,,,
4,502011021,Dawesville - Bouvard,4,240,350,405,,,,,,
5,502011021,Dawesville - Bouvard,5,101,133,165,,,,,,
6,502011021,Dawesville - Bouvard,6,30,43,47,,,,,,
7,502011021,Dawesville - Bouvard,7,10,10,7,,,,,,
8,502011021,Dawesville - Bouvard,8,0,0,3,,,,,,
9,502011022,Falcon - Wannanup,Total,2124,2821,3316,,,,,,
10,502011022,Falcon - Wannanup,1,444,615,770,,,,,,
11,502011022,Falcon - Wannanup,2,950,1259,1412,,,,,,
12,502011022,Falcon - Wannanup,3,276,363,457,,,,,,
13,502011022,Falcon - Wannanup,4,300,395,447,,,,,,
14,502011022,Falcon - Wannanup,5,114,124,156,,,,,,
15,502011022,Falcon - Wannanup,6,25,48,57,,,,,,
16,502011022,Falcon - Wannanup,7,3,8,14,,,,,,
17,502011022,Falcon - Wannanup,8,3,9,9,,,,,,
18,502011023,Greenfields,Total,3381,3771,3849,,,,,,
19,502011023,Greenfields,1,744,941,1107,,,,,,
20,502011023,Greenfields,2,1368,1485,1444,,,,,,
21,502011023,Greenfields,3,466,542,540,,,,,,
22,502011023,Greenfields,4,460,479,459,,,,,,
23,502011023,Greenfields,5,240,208,172,,,,,,
24,502011023,Greenfields,6,81,74,85,,,,,,
25,502011023,Greenfields,7,19,23,24,,,,,,
26,502011023,Greenfields,8,4,12,18,,,,,,
27,502011024,Halls Head - Erskine,Total,5035,6257,6836,,,,,,
28,502011024,Halls Head - Erskine,1,922,1304,1561,,,,,,
29,502011024,Halls Head - Erskine,2,2156,2562,2777,,,,,,
30,502011024,Halls Head - Erskine,3,710,861,967,,,,,,
31,502011024,Halls Head - Erskine,4,817,996,966,,,,,,
32,502011024,Halls Head - Erskine,5,319,391,413,,,,,,
33,502011024,Halls Head - Erskine,6,89,99,116,,,,,,
34,502011024,Halls Head - Erskine,7,14,21,28,,,,,,
35,502011024,Halls Head - Erskine,8,3,19,8,,,,,,
36,502011025,Mandurah,Total,3480,3937,4096,,,,,,
37,502011025,Mandurah,1,1462,1655,1707,,,,,,
38,502011025,Mandurah,2,1347,1456,1504,,,,,,
39,502011025,Mandurah,3,380,444,470,,,,,,
40,502011025,Mandurah,4,172,247,263,,,,,,
41,502011025,Mandurah,5,80,97,95,,,,,,
42,502011025,Mandurah,6,25,34,37,,,,,,
43,502011025,Mandurah,7,3,14,9,,,,,,
44,502011025,Mandurah,8,3,4,0,,,,,,
45,502011026,Mandurah - East,Total,1735,1866,2192,,,,,,
46,502011026,Mandurah - East,1,389,462,505,,,,,,
47,502011026,Mandurah - East,2,815,813,971,,,,,,
48,502011026,Mandurah - East,3,179,230,300,,,,,,
49,502011026,Mandurah - East,4,214,238,257,,,,,,
50,502011026,Mandurah - East,5,102,86,114,,,,,,
51,502011026,Mandurah - East,6,35,24,33,,,,,,
52,502011026,Mandurah - East,7,3,7,14,,,,,,
53,502011026,Mandurah - East,8,3,3,3,,,,,,
54,502011027,Mandurah - North,Total,2436,4211,5982,,,,,,
55,502011027,Mandurah - North,1,374,716,1018,,,,,,
56,502011027,Mandurah - North,2,981,1570,2084,,,,,,
57,502011027,Mandurah - North,3,383,736,1063,,,,,,
58,502011027,Mandurah - North,4,448,753,1128,,,,,,
59,502011027,Mandurah - North,5,169,314,483,,,,,,
60,502011027,Mandurah - North,6,53,87,151,,,,,,
61,502011027,Mandurah - North,7,11,20,45,,,,,,
62,502011027,Mandurah - North,8,3,13,20,,,,,,
63,502011028,Mandurah - South,Total,3140,3632,4025,,,,,,
64,502011028,Mandurah - South,1,883,1025,1180,,,,,,
65,502011028,Mandurah - South,2,1388,1590,1681,,,,,,
66,502011028,Mandurah - South,3,394,425,511,,,,,,
67,502011028,Mandurah - South,4,283,345,404,,,,,,
68,502011028,Mandurah - South,5,132,161,155,,,,,,
69,502011028,Mandurah - South,6,40,70,64,,,,,,
70,502011028,Mandurah - South,7,11,14,12,,,,,,
71,502011028,Mandurah - South,8,3,7,15,,,,,,
72,502011029,Pinjarra,Total,2061,2878,3383,,,,,,
73,502011029,Pinjarra,1,486,645,776,,,,,,
74,502011029,Pinjarra,2,841,1105,1280,,,,,,
75,502011029,Pinjarra,3,274,388,495,,,,,,
76,502011029,Pinjarra,4,278,437,481,,,,,,
77,502011029,Pinjarra,5,126,196,229,,,,,,
78,502011029,Pinjarra,6,47,74,80,,,,,,
79,502011029,Pinjarra,7,12,8,26,,,,,,
80,502011029,Pinjarra,8,8,13,16,,,,,,
81,503011030,City Beach,Total,2160,2168,2221,,,,,,
82,503011030,City Beach,1,444,399,398,,,,,,
83,503011030,City Beach,2,695,718,719,,,,,,
84,503011030,City Beach,3,281,303,290,,,,,,
85,503011030,City Beach,4,453,435,489,,,,,,
86,503011030,City Beach,5,226,248,270,,,,,,
87,503011030,City Beach,6,56,52,49,,,,,,
88,503011030,City Beach,7,11,13,11,,,,,,
89,503011030,City Beach,8,3,3,3,,,,,,
90,503011031,Claremont (WA),Total,2902,3052,3230,,,,,,
91,503011031,Claremont (WA),1,1103,1066,1091,,,,,,
92,503011031,Claremont (WA),2,992,1058,1141,,,,,,
93,503011031,Claremont (WA),3,324,375,429,,,,,,
94,503011031,Claremont (WA),4,320,358,379,,,,,,
95,503011031,Claremont (WA),5,125,156,163,,,,,,
96,503011031,Claremont (WA),6,31,22,28,,,,,,
97,503011031,Claremont (WA),7,0,7,4,,,,,,
98,503011031,Claremont (WA),8,0,0,0,,,,,,
99,503011032,Cottesloe,Total,2500,2686,2718,,,,,,
100,503011032,Cottesloe,1,683,714,695,,,,,,
101,503011032,Cottesloe,2,871,934,971,,,,,,
102,503011032,Cottesloe,3,328,377,391,,,,,,
103,503011032,Cottesloe,4,389,414,399,,,,,,
104,503011032,Cottesloe,5,183,192,224,,,,,,
105,503011032,Cottesloe,6,35,42,38,,,,,,
106,503011032,Cottesloe,7,7,3,3,,,,,,
107,503011032,Cottesloe,8,0,3,3,,,,,,
108,503011033,Floreat,Total,2401,2402,2532,,,,,,
109,503011033,Floreat,1,450,411,400,,,,,,
110,503011033,Floreat,2,724,664,667,,,,,,
111,503011033,Floreat,3,349,354,410,,,,,,
112,503011033,Floreat,4,525,630,673,,,,,,
113,503011033,Floreat,5,274,273,301,,,,,,
114,503011033,Floreat,6,59,68,68,,,,,,
115,503011033,Floreat,7,4,5,8,,,,,,
116,503011033,Floreat,8,3,0,0,,,,,,
117,503011034,Mosman Park - Peppermint Grove,Total,3677,3850,3817,,,,,,
118,503011034,Mosman Park - Peppermint Grove,1,1290,1234,1148,,,,,,
119,503011034,Mosman Park - Peppermint Grove,2,1112,1224,1235,,,,,,
120,503011034,Mosman Park - Peppermint Grove,3,474,503,507,,,,,,
121,503011034,Mosman Park - Peppermint Grove,4,497,575,594,,,,,,
122,503011034,Mosman Park - Peppermint Grove,5,237,235,264,,,,,,
123,503011034,Mosman Park - Peppermint Grove,6,58,65,59,,,,,,
124,503011034,Mosman Park - Peppermint Grove,7,6,8,5,,,,,,
125,503011034,Mosman Park - Peppermint Grove,8,3,3,3,,,,,,
126,503011035,Nedlands - Dalkeith - Crawley,Total,5878,5956,6012,,,,,,
127,503011035,Nedlands - Dalkeith - Crawley,1,1556,1316,1293,,,,,,
128,503011035,Nedlands - Dalkeith - Crawley,2,1853,1907,1939,,,,,,
129,503011035,Nedlands - Dalkeith - Crawley,3,861,972,960,,,,,,
130,503011035,Nedlands - Dalkeith - Crawley,4,1003,1102,1136,,,,,,
131,503011035,Nedlands - Dalkeith - Crawley,5,471,513,541,,,,,,
132,503011035,Nedlands - Dalkeith - Crawley,6,107,114,121,,,,,,
133,503011035,Nedlands - Dalkeith - Crawley,7,19,20,20,,,,,,
134,503011035,Nedlands - Dalkeith - Crawley,8,3,8,6,,,,,,
135,503011036,Swanbourne - Mount Claremont,Total,2745,2833,2950,,,,,,
136,503011036,Swanbourne - Mount Claremont,1,646,662,671,,,,,,
137,503011036,Swanbourne - Mount Claremont,2,830,880,894,,,,,,
138,503011036,Swanbourne - Mount Claremont,3,422,408,448,,,,,,
139,503011036,Swanbourne - Mount Claremont,4,556,564,593,,,,,,
140,503011036,Swanbourne - Mount Claremont,5,225,247,277,,,,,,
141,503011036,Swanbourne - Mount Claremont,6,57,60,72,,,,,,
142,503011036,Swanbourne - Mount Claremont,7,9,8,13,,,,,,
143,503011036,Swanbourne - Mount Claremont,8,3,4,0,,,,,,
144,503021037,Kings Park (WA),Total,0,15,10,,,,,,
145,503021037,Kings Park (WA),1,0,4,3,,,,,,
146,503021037,Kings Park (WA),2,0,7,5,,,,,,
147,503021037,Kings Park (WA),3,0,3,0,,,,,,
148,503021037,Kings Park (WA),4,0,0,0,,,,,,
149,503021037,Kings Park (WA),5,0,0,0,,,,,,
150,503021037,Kings Park (WA),6,0,0,0,,,,,,
151,503021037,Kings Park (WA),7,0,0,0,,,,,,
152,503021037,Kings Park (WA),8,0,0,0,,,,,,
153,503021038,Mount Hawthorn - Leederville,Total,3767,3967,4060,,,,,,
154,503021038,Mount Hawthorn - Leederville,1,1138,1085,1040,,,,,,
155,503021038,Mount Hawthorn - Leederville,2,1346,1326,1349,,,,,,
156,503021038,Mount Hawthorn - Leederville,3,577,644,672,,,,,,
157,503021038,Mount Hawthorn - Leederville,4,512,673,746,,,,,,
158,503021038,Mount Hawthorn - Leederville,5,158,186,202,,,,,,
159,503021038,Mount Hawthorn - Leederville,6,28,35,32,,,,,,
160,503021038,Mount Hawthorn - Leederville,7,5,5,6,,,,,,
161,503021038,Mount Hawthorn - Leederville,8,3,0,3,,,,,,
162,503021039,Mount Lawley - Inglewood,Total,6178,6514,6455,,,,,,
163,503021039,Mount Lawley - Inglewood,1,2223,2143,1994,,,,,,
164,503021039,Mount Lawley - Inglewood,2,2039,2261,2230,,,,,,
165,503021039,Mount Lawley - Inglewood,3,792,926,990,,,,,,
166,503021039,Mount Lawley - Inglewood,4,793,828,893,,,,,,
167,503021039,Mount Lawley - Inglewood,5,272,282,290,,,,,,
168,503021039,Mount Lawley - Inglewood,6,51,56,43,,,,,,
169,503021039,Mount Lawley - Inglewood,7,10,14,6,,,,,,
170,503021039,Mount Lawley - Inglewood,8,0,3,0,,,,,,
171,503021040,North Perth,Total,3156,3325,3384,,,,,,
172,503021040,North Perth,1,1020,963,970,,,,,,
173,503021040,North Perth,2,1128,1143,1124,,,,,,
174,503021040,North Perth,3,501,572,559,,,,,,
175,503021040,North Perth,4,365,460,530,,,,,,
176,503021040,North Perth,5,115,144,171,,,,,,
177,503021040,North Perth,6,29,32,19,,,,,,
178,503021040,North Perth,7,3,7,10,,,,,,
179,503021040,North Perth,8,0,3,5,,,,,,
180,503021041,Perth City,Total,7658,11093,13180,,,,,,
181,503021041,Perth City,1,3507,4596,5195,,,,,,
182,503021041,Perth City,2,2941,4569,5455,,,,,,
183,503021041,Perth City,3,747,1240,1569,,,,,,
184,503021041,Perth City,4,345,484,696,,,,,,
185,503021041,Perth City,5,86,134,168,,,,,,
186,503021041,Perth City,6,20,44,69,,,,,,
187,503021041,Perth City,7,6,10,11,,,,,,
188,503021041,Perth City,8,0,11,9,,,,,,
189,503021042,Subiaco - Shenton Park,Total,5968,6434,6779,,,,,,
190,503021042,Subiaco - Shenton Park,1,2310,2383,2373,,,,,,
191,503021042,Subiaco - Shenton Park,2,2071,2185,2350,,,,,,
192,503021042,Subiaco - Shenton Park,3,711,834,897,,,,,,
193,503021042,Subiaco - Shenton Park,4,627,764,834,,,,,,
194,503021042,Subiaco - Shenton Park,5,202,222,270,,,,,,
195,503021042,Subiaco - Shenton Park,6,40,34,52,,,,,,
196,503021042,Subiaco - Shenton Park,7,6,5,10,,,,,,
197,503021042,Subiaco - Shenton Park,8,5,0,0,,,,,,
198,503021043,Wembley - West Leederville - Glendalough,Total,6313,6745,6989,,,,,,
199,503021043,Wembley - West Leederville - Glendalough,1,2496,2369,2277,,,,,,
200,503021043,Wembley - West Leederville - Glendalough,2,2079,2198,2199,,,,,,
201,503021043,Wembley - West Leederville - Glendalough,3,774,932,1018,,,,,,
202,503021043,Wembley - West Leederville - Glendalough,4,662,848,1043,,,,,,
203,503021043,Wembley - West Leederville - Glendalough,5,249,313,374,,,,,,
204,503021043,Wembley - West Leederville - Glendalough,6,47,59,53,,,,,,
205,503021043,Wembley - West Leederville - Glendalough,7,6,12,11,,,,,,
206,503021043,Wembley - West Leederville - Glendalough,8,7,10,3,,,,,,
207,504011044,Bassendean - Eden Hill - Ashfield,Total,5457,5714,5883,,,,,,
208,504011044,Bassendean - Eden Hill - Ashfield,1,1622,1639,1687,,,,,,
209,504011044,Bassendean - Eden Hill - Ashfield,2,1965,2002,1986,,,,,,
210,504011044,Bassendean - Eden Hill - Ashfield,3,796,890,945,,,,,,
211,504011044,Bassendean - Eden Hill - Ashfield,4,705,764,820,,,,,,
212,504011044,Bassendean - Eden Hill - Ashfield,5,248,300,304,,,,,,
213,504011044,Bassendean - Eden Hill - Ashfield,6,87,80,88,,,,,,
214,504011044,Bassendean - Eden Hill - Ashfield,7,16,22,29,,,,,,
215,504011044,Bassendean - Eden Hill - Ashfield,8,12,22,25,,,,,,
216,504011045,Bayswater - Embleton - Bedford,Total,7788,8310,8738,,,,,,
217,504011045,Bayswater - Embleton - Bedford,1,2357,2303,2251,,,,,,
218,504011045,Bayswater - Embleton - Bedford,2,2796,2955,3081,,,,,,
219,504011045,Bayswater - Embleton - Bedford,3,1199,1373,1476,,,,,,
220,504011045,Bayswater - Embleton - Bedford,4,1007,1148,1359,,,,,,
221,504011045,Bayswater - Embleton - Bedford,5,296,381,404,,,,,,
222,504011045,Bayswater - Embleton - Bedford,6,101,111,120,,,,,,
223,504011045,Bayswater - Embleton - Bedford,7,19,27,36,,,,,,
224,504011045,Bayswater - Embleton - Bedford,8,9,17,4,,,,,,
225,504011046,Maylands,Total,5113,5710,5645,,,,,,
226,504011046,Maylands,1,2555,2347,2157,,,,,,
227,504011046,Maylands,2,1677,2050,2057,,,,,,
228,504011046,Maylands,3,483,719,755,,,,,,
229,504011046,Maylands,4,297,423,511,,,,,,
230,504011046,Maylands,5,73,122,121,,,,,,
231,504011046,Maylands,6,22,31,36,,,,,,
232,504011046,Maylands,7,0,10,6,,,,,,
233,504011046,Maylands,8,3,3,6,,,,,,
234,504011047,Morley,Total,7108,7659,7979,,,,,,
235,504011047,Morley,1,1667,1769,1857,,,,,,
236,504011047,Morley,2,2596,2782,2754,,,,,,
237,504011047,Morley,3,1173,1248,1416,,,,,,
238,504011047,Morley,4,1068,1145,1217,,,,,,
239,504011047,Morley,5,430,489,464,,,,,,
240,504011047,Morley,6,128,152,184,,,,,,
241,504011047,Morley,7,32,38,54,,,,,,
242,504011047,Morley,8,15,32,40,,,,,,
243,504011048,Noranda,Total,2860,2850,2809,,,,,,
244,504011048,Noranda,1,517,563,523,,,,,,
245,504011048,Noranda,2,901,936,1020,,,,,,
246,504011048,Noranda,3,517,500,489,,,,,,
247,504011048,Noranda,4,577,524,471,,,,,,
248,504011048,Noranda,5,256,231,203,,,,,,
249,504011048,Noranda,6,66,65,69,,,,,,
250,504011048,Noranda,7,12,22,27,,,,,,
251,504011048,Noranda,8,6,7,8,,,,,,
252,504021049,Chidlow,Total,875,952,983,,,,,,
253,504021049,Chidlow,1,154,194,192,,,,,,
254,504021049,Chidlow,2,301,346,328,,,,,,
255,504021049,Chidlow,3,141,133,190,,,,,,
256,504021049,Chidlow,4,168,165,167,,,,,,
257,504021049,Chidlow,5,71,82,72,,,,,,
258,504021049,Chidlow,6,34,25,24,,,,,,
259,504021049,Chidlow,7,7,4,7,,,,,,
260,504021049,Chidlow,8,4,0,0,,,,,,
261,504021050,Glen Forrest - Darlington,Total,2404,2432,2476,,,,,,
262,504021050,Glen Forrest - Darlington,1,350,366,401,,,,,,
263,504021050,Glen Forrest - Darlington,2,882,920,913,,,,,,
264,504021050,Glen Forrest - Darlington,3,408,414,417,,,,,,
265,504021050,Glen Forrest - Darlington,4,495,469,485,,,,,,
266,504021050,Glen Forrest - Darlington,5,201,210,190,,,,,,
267,504021050,Glen Forrest - Darlington,6,56,38,60,,,,,,
268,504021050,Glen Forrest - Darlington,7,6,11,4,,,,,,
269,504021050,Glen Forrest - Darlington,8,3,5,6,,,,,,
270,504021051,Helena Valley - Koongamia,Total,1395,1623,1938,,,,,,
271,504021051,Helena Valley - Koongamia,1,266,337,411,,,,,,
272,504021051,Helena Valley - Koongamia,2,474,557,706,,,,,,
273,504021051,Helena Valley - Koongamia,3,218,250,295,,,,,,
274,504021051,Helena Valley - Koongamia,4,272,286,332,,,,,,
275,504021051,Helena Valley - Koongamia,5,112,130,132,,,,,,
276,504021051,Helena Valley - Koongamia,6,48,49,35,,,,,,
277,504021051,Helena Valley - Koongamia,7,11,11,15,,,,,,
278,504021051,Helena Valley - Koongamia,8,3,5,4,,,,,,
279,504021052,Malmalling - Reservoir,Total,0,3,5,,,,,,
280,504021052,Malmalling - Reservoir,1,0,0,3,,,,,,
281,504021052,Malmalling - Reservoir,2,0,3,5,,,,,,
282,504021052,Malmalling - Reservoir,3,0,0,0,,,,,,
283,504021052,Malmalling - Reservoir,4,0,0,0,,,,,,
284,504021052,Malmalling - Reservoir,5,0,0,0,,,,,,
285,504021052,Malmalling - Reservoir,6,0,0,0,,,,,,
286,504021052,Malmalling - Reservoir,7,0,0,0,,,,,,
287,504021052,Malmalling - Reservoir,8,0,0,0,,,,,,
288,504021053,Mundaring,Total,4120,4371,4398,,,,,,
289,504021053,Mundaring,1,658,750,780,,,,,,
290,504021053,Mundaring,2,1502,1564,1609,,,,,,
291,504021053,Mundaring,3,672,723,691,,,,,,
292,504021053,Mundaring,4,771,808,820,,,,,,
293,504021053,Mundaring,5,357,361,321,,,,,,
294,504021053,Mundaring,6,121,123,139,,,,,,
295,504021053,Mundaring,7,18,25,27,,,,,,
296,504021053,Mundaring,8,18,18,16,,,,,,
297,504021054,Swan View - Greenmount - Midvale,Total,4314,4500,4537,,,,,,
298,504021054,Swan View - Greenmount - Midvale,1,1061,1093,1181,,,,,,
299,504021054,Swan View - Greenmount - Midvale,2,1478,1630,1606,,,,,,
300,504021054,Swan View - Greenmount - Midvale,3,705,750,733,,,,,,
301,504021054,Swan View - Greenmount - Midvale,4,629,600,600,,,,,,
302,504021054,Swan View - Greenmount - Midvale,5,321,287,279,,,,,,
303,504021054,Swan View - Greenmount - Midvale,6,99,110,96,,,,,,
304,504021054,Swan View - Greenmount - Midvale,7,21,28,27,,,,,,
305,504021054,Swan View - Greenmount - Midvale,8,8,9,18,,,,,,
306,504031055,Avon Valley National Park,Total,0,0,0,,,,,,
307,504031055,Avon Valley National Park,1,0,0,0,,,,,,
308,504031055,Avon Valley National Park,2,0,0,0,,,,,,
309,504031055,Avon Valley National Park,3,0,0,0,,,,,,
310,504031055,Avon Valley National Park,4,0,0,0,,,,,,
311,504031055,Avon Valley National Park,5,0,0,0,,,,,,
312,504031055,Avon Valley National Park,6,0,0,0,,,,,,
313,504031055,Avon Valley National Park,7,0,0,0,,,,,,
314,504031055,Avon Valley National Park,8,0,0,0,,,,,,
315,504031056,Ballajura,Total,5951,6049,6024,,,,,,
316,504031056,Ballajura,1,863,904,918,,,,,,
317,504031056,Ballajura,2,1583,1670,1751,,,,,,
318,504031056,Ballajura,3,1051,1128,1188,,,,,,
319,504031056,Ballajura,4,1437,1368,1259,,,,,,
320,504031056,Ballajura,5,715,607,545,,,,,,
321,504031056,Ballajura,6,213,241,217,,,,,,
322,504031056,Ballajura,7,59,76,80,,,,,,
323,504031056,Ballajura,8,33,55,61,,,,,,
324,504031057,Beechboro,Total,4525,4872,5636,,,,,,
325,504031057,Beechboro,1,788,864,1023,,,,,,
326,504031057,Beechboro,2,1338,1383,1628,,,,,,
327,504031057,Beechboro,3,828,934,1013,,,,,,
328,504031057,Beechboro,4,941,986,1108,,,,,,
329,504031057,Beechboro,5,420,428,486,,,,,,
330,504031057,Beechboro,6,133,175,223,,,,,,
331,504031057,Beechboro,7,38,55,80,,,,,,
332,504031057,Beechboro,8,34,51,75,,,,,,
333,504031058,Bullsbrook,Total,1282,1448,1616,,,,,,
334,504031058,Bullsbrook,1,172,211,232,,,,,,
335,504031058,Bullsbrook,2,468,526,581,,,,,,
336,504031058,Bullsbrook,3,243,273,289,,,,,,
337,504031058,Bullsbrook,4,235,273,298,,,,,,
338,504031058,Bullsbrook,5,107,107,144,,,,,,
339,504031058,Bullsbrook,6,33,44,50,,,,,,
340,504031058,Bullsbrook,7,6,10,5,,,,,,
341,504031058,Bullsbrook,8,4,7,11,,,,,,
342,504031059,Ellenbrook,Total,4081,7420,11520,,,,,,
343,504031059,Ellenbrook,1,490,924,1690,,,,,,
344,504031059,Ellenbrook,2,1293,2301,3532,,,,,,
345,504031059,Ellenbrook,3,782,1400,2274,,,,,,
346,504031059,Ellenbrook,4,964,1746,2484,,,,,,
347,504031059,Ellenbrook,5,392,708,1027,,,,,,
348,504031059,Ellenbrook,6,122,238,328,,,,,,
349,504031059,Ellenbrook,7,20,59,112,,,,,,
350,504031059,Ellenbrook,8,17,44,69,,,,,,
351,504031060,Gidgegannup,Total,718,822,883,,,,,,
352,504031060,Gidgegannup,1,81,110,125,,,,,,
353,504031060,Gidgegannup,2,264,313,320,,,,,,
354,504031060,Gidgegannup,3,122,122,138,,,,,,
355,504031060,Gidgegannup,4,145,168,196,,,,,,
356,504031060,Gidgegannup,5,79,69,73,,,,,,
357,504031060,Gidgegannup,6,25,29,28,,,,,,
358,504031060,Gidgegannup,7,3,7,7,,,,,,
359,504031060,Gidgegannup,8,0,3,3,,,,,,
360,504031061,Hazelmere - Guildford,Total,1247,1358,1565,,,,,,
361,504031061,Hazelmere - Guildford,1,299,311,375,,,,,,
362,504031061,Hazelmere - Guildford,2,458,492,555,,,,,,
363,504031061,Hazelmere - Guildford,3,210,244,252,,,,,,
364,504031061,Hazelmere - Guildford,4,180,213,259,,,,,,
365,504031061,Hazelmere - Guildford,5,63,80,89,,,,,,
366,504031061,Hazelmere - Guildford,6,23,20,19,,,,,,
367,504031061,Hazelmere - Guildford,7,4,3,12,,,,,,
368,504031061,Hazelmere - Guildford,8,0,0,3,,,,,,
369,504031062,Lockridge - Kiara,Total,2829,2930,3650,,,,,,
370,504031062,Lockridge - Kiara,1,697,736,751,,,,,,
371,504031062,Lockridge - Kiara,2,899,883,1158,,,,,,
372,504031062,Lockridge - Kiara,3,505,508,712,,,,,,
373,504031062,Lockridge - Kiara,4,442,489,625,,,,,,
374,504031062,Lockridge - Kiara,5,176,186,248,,,,,,
375,504031062,Lockridge - Kiara,6,66,83,97,,,,,,
376,504031062,Lockridge - Kiara,7,27,17,30,,,,,,
377,504031062,Lockridge - Kiara,8,16,17,20,,,,,,
378,504031063,Malaga,Total,3,5,0,,,,,,
379,504031063,Malaga,1,0,3,0,,,,,,
380,504031063,Malaga,2,0,0,0,,,,,,
381,504031063,Malaga,3,0,0,0,,,,,,
382,504031063,Malaga,4,0,0,0,,,,,,
383,504031063,Malaga,5,0,0,0,,,,,,
384,504031063,Malaga,6,0,0,0,,,,,,
385,504031063,Malaga,7,0,0,0,,,,,,
386,504031063,Malaga,8,0,0,0,,,,,,
387,504031064,Melaleuca - Lexia,Total,0,0,0,,,,,,
388,504031064,Melaleuca - Lexia,1,0,0,0,,,,,,
389,504031064,Melaleuca - Lexia,2,0,0,0,,,,,,
390,504031064,Melaleuca - Lexia,3,0,0,0,,,,,,
391,504031064,Melaleuca - Lexia,4,0,0,0,,,,,,
392,504031064,Melaleuca - Lexia,5,0,0,0,,,,,,
393,504031064,Melaleuca - Lexia,6,0,0,0,,,,,,
394,504031064,Melaleuca - Lexia,7,0,0,0,,,,,,
395,504031064,Melaleuca - Lexia,8,0,0,0,,,,,,
396,504031065,Middle Swan - Herne Hill,Total,1774,1800,1931,,,,,,
397,504031065,Middle Swan - Herne Hill,1,400,428,481,,,,,,
398,504031065,Middle Swan - Herne Hill,2,631,626,665,,,,,,
399,504031065,Middle Swan - Herne Hill,3,302,311,315,,,,,,
400,504031065,Middle Swan - Herne Hill,4,267,256,284,,,,,,
401,504031065,Middle Swan - Herne Hill,5,117,121,130,,,,,,
402,504031065,Middle Swan - Herne Hill,6,40,32,47,,,,,,
403,504031065,Middle Swan - Herne Hill,7,13,21,12,,,,,,
404,504031065,Middle Swan - Herne Hill,8,6,6,3,,,,,,
405,504031066,Midland - Guildford,Total,3412,3778,4088,,,,,,
406,504031066,Midland - Guildford,1,1282,1369,1462,,,,,,
407,504031066,Midland - Guildford,2,1164,1280,1353,,,,,,
408,504031066,Midland - Guildford,3,438,573,628,,,,,,
409,504031066,Midland - Guildford,4,347,368,433,,,,,,
410,504031066,Midland - Guildford,5,110,126,147,,,,,,
411,504031066,Midland - Guildford,6,42,45,55,,,,,,
412,504031066,Midland - Guildford,7,13,3,13,,,,,,
413,504031066,Midland - Guildford,8,12,6,3,,,,,,
414,504031067,Stratton - Jane Brook,Total,2160,2230,2353,,,,,,
415,504031067,Stratton - Jane Brook,1,348,387,469,,,,,,
416,504031067,Stratton - Jane Brook,2,644,657,683,,,,,,
417,504031067,Stratton - Jane Brook,3,391,422,453,,,,,,
418,504031067,Stratton - Jane Brook,4,473,484,485,,,,,,
419,504031067,Stratton - Jane Brook,5,230,202,172,,,,,,
420,504031067,Stratton - Jane Brook,6,65,58,74,,,,,,
421,504031067,Stratton - Jane Brook,7,12,18,14,,,,,,
422,504031067,Stratton - Jane Brook,8,4,5,5,,,,,,
423,504031068,The Vines,Total,1347,1816,3227,,,,,,
424,504031068,The Vines,1,149,238,435,,,,,,
425,504031068,The Vines,2,528,658,1153,,,,,,
426,504031068,The Vines,3,216,308,544,,,,,,
427,504031068,The Vines,4,283,385,672,,,,,,
428,504031068,The Vines,5,123,174,274,,,,,,
429,504031068,The Vines,6,45,48,96,,,,,,
430,504031068,The Vines,7,5,9,44,,,,,,
431,504031068,The Vines,8,4,3,16,,,,,,
432,504031069,Walyunga National Park,Total,0,0,0,,,,,,
433,504031069,Walyunga National Park,1,0,0,0,,,,,,
434,504031069,Walyunga National Park,2,0,0,0,,,,,,
435,504031069,Walyunga National Park,3,0,0,0,,,,,,
436,504031069,Walyunga National Park,4,0,0,0,,,,,,
437,504031069,Walyunga National Park,5,0,0,0,,,,,,
438,504031069,Walyunga National Park,6,0,0,0,,,,,,
439,504031069,Walyunga National Park,7,0,0,0,,,,,,
440,504031069,Walyunga National Park,8,0,0,0,,,,,,
441,505011070,Craigie - Beldon,Total,3671,3730,3707,,,,,,
442,505011070,Craigie - Beldon,1,866,872,859,,,,,,
443,505011070,Craigie - Beldon,2,1387,1379,1337,,,,,,
444,505011070,Craigie - Beldon,3,626,675,649,,,,,,
445,505011070,Craigie - Beldon,4,528,553,563,,,,,,
446,505011070,Craigie - Beldon,5,206,188,230,,,,,,
447,505011070,Craigie - Beldon,6,48,40,54,,,,,,
448,505011070,Craigie - Beldon,7,16,13,10,,,,,,
449,505011070,Craigie - Beldon,8,3,4,4,,,,,,
450,505011071,Currambine - Kinross,Total,4238,4488,4526,,,,,,
451,505011071,Currambine - Kinross,1,412,523,609,,,,,,
452,505011071,Currambine - Kinross,2,1120,1264,1307,,,,,,
453,505011071,Currambine - Kinross,3,846,870,919,,,,,,
454,505011071,Currambine - Kinross,4,1221,1209,1118,,,,,,
455,505011071,Currambine - Kinross,5,477,455,440,,,,,,
456,505011071,Currambine - Kinross,6,136,117,107,,,,,,
457,505011071,Currambine - Kinross,7,21,31,19,,,,,,
458,505011071,Currambine - Kinross,8,3,9,9,,,,,,
459,505011072,Duncraig,Total,5210,5224,5186,,,,,,
460,505011072,Duncraig,1,758,780,813,,,,,,
461,505011072,Duncraig,2,1777,1777,1688,,,,,,
462,505011072,Duncraig,3,945,960,889,,,,,,
463,505011072,Duncraig,4,1207,1195,1249,,,,,,
464,505011072,Duncraig,5,428,389,445,,,,,,
465,505011072,Duncraig,6,70,102,83,,,,,,
466,505011072,Duncraig,7,12,13,16,,,,,,
467,505011072,Duncraig,8,3,3,3,,,,,,
468,505011073,Greenwood - Warwick,Total,5045,5003,4919,,,,,,
469,505011073,Greenwood - Warwick,1,1018,992,953,,,,,,
470,505011073,Greenwood - Warwick,2,1881,1838,1850,,,,,,
471,505011073,Greenwood - Warwick,3,941,920,873,,,,,,
472,505011073,Greenwood - Warwick,4,801,825,823,,,,,,
473,505011073,Greenwood - Warwick,5,291,318,303,,,,,,
474,505011073,Greenwood - Warwick,6,90,85,79,,,,,,
475,505011073,Greenwood - Warwick,7,15,16,23,,,,,,
476,505011073,Greenwood - Warwick,8,8,13,8,,,,,,
477,505011074,Heathridge - Connolly,Total,3673,3766,3758,,,,,,
478,505011074,Heathridge - Connolly,1,652,689,743,,,,,,
479,505011074,Heathridge - Connolly,2,1233,1361,1313,,,,,,
480,505011074,Heathridge - Connolly,3,706,677,704,,,,,,
481,505011074,Heathridge - Connolly,4,720,677,659,,,,,,
482,505011074,Heathridge - Connolly,5,266,262,242,,,,,,
483,505011074,Heathridge - Connolly,6,78,89,67,,,,,,
484,505011074,Heathridge - Connolly,7,6,10,26,,,,,,
485,505011074,Heathridge - Connolly,8,3,3,3,,,,,,
486,505011075,Hillarys,Total,3391,3603,3671,,,,,,
487,505011075,Hillarys,1,438,480,508,,,,,,
488,505011075,Hillarys,2,1111,1262,1268,,,,,,
489,505011075,Hillarys,3,597,594,620,,,,,,
490,505011075,Hillarys,4,851,838,836,,,,,,
491,505011075,Hillarys,5,319,329,344,,,,,,
492,505011075,Hillarys,6,65,85,82,,,,,,
493,505011075,Hillarys,7,4,11,6,,,,,,
494,505011075,Hillarys,8,0,3,0,,,,,,
495,505011076,Iluka - Burns Beach,Total,1218,1855,2668,,,,,,
496,505011076,Iluka - Burns Beach,1,83,128,180,,,,,,
497,505011076,Iluka - Burns Beach,2,308,469,755,,,,,,
498,505011076,Iluka - Burns Beach,3,215,346,501,,,,,,
499,505011076,Iluka - Burns Beach,4,387,623,860,,,,,,
500,505011076,Iluka - Burns Beach,5,177,220,279,,,,,,
501,505011076,Iluka - Burns Beach,6,28,52,72,,,,,,
502,505011076,Iluka - Burns Beach,7,10,12,13,,,,,,
503,505011076,Iluka - Burns Beach,8,0,4,4,,,,,,
504,505011077,Joondalup - Edgewater,Total,4529,4867,4923,,,,,,
505,505011077,Joondalup - Edgewater,1,886,1016,1096,,,,,,
506,505011077,Joondalup - Edgewater,2,1580,1718,1800,,,,,,
507,505011077,Joondalup - Edgewater,3,802,864,871,,,,,,
508,505011077,Joondalup - Edgewater,4,825,840,790,,,,,,
509,505011077,Joondalup - Edgewater,5,315,318,257,,,,,,
510,505011077,Joondalup - Edgewater,6,95,79,69,,,,,,
511,505011077,Joondalup - Edgewater,7,10,10,23,,,,,,
512,505011077,Joondalup - Edgewater,8,7,15,14,,,,,,
513,505011078,Kingsley,Total,4617,4667,4622,,,,,,
514,505011078,Kingsley,1,793,880,929,,,,,,
515,505011078,Kingsley,2,1511,1573,1604,,,,,,
516,505011078,Kingsley,3,855,831,752,,,,,,
517,505011078,Kingsley,4,985,966,918,,,,,,
518,505011078,Kingsley,5,375,316,313,,,,,,
519,505011078,Kingsley,6,74,72,77,,,,,,
520,505011078,Kingsley,7,17,18,17,,,,,,
521,505011078,Kingsley,8,8,8,12,,,,,,
522,505011079,Mullaloo - Kallaroo,Total,3707,3804,3795,,,,,,
523,505011079,Mullaloo - Kallaroo,1,577,592,610,,,,,,
524,505011079,Mullaloo - Kallaroo,2,1261,1306,1296,,,,,,
525,505011079,Mullaloo - Kallaroo,3,672,668,654,,,,,,
526,505011079,Mullaloo - Kallaroo,4,804,799,827,,,,,,
527,505011079,Mullaloo - Kallaroo,5,301,341,324,,,,,,
528,505011079,Mullaloo - Kallaroo,6,80,75,66,,,,,,
529,505011079,Mullaloo - Kallaroo,7,11,4,20,,,,,,
530,505011079,Mullaloo - Kallaroo,8,9,4,0,,,,,,
531,505011080,Ocean Reef,Total,2542,2589,2578,,,,,,
532,505011080,Ocean Reef,1,275,288,312,,,,,,
533,505011080,Ocean Reef,2,729,796,853,,,,,,
534,505011080,Ocean Reef,3,479,478,457,,,,,,
535,505011080,Ocean Reef,4,670,662,612,,,,,,
536,505011080,Ocean Reef,5,280,270,259,,,,,,
537,505011080,Ocean Reef,6,91,76,68,,,,,,
538,505011080,Ocean Reef,7,18,20,9,,,,,,
539,505011080,Ocean Reef,8,6,6,5,,,,,,
540,505011081,Padbury,Total,3051,3081,3032,,,,,,
541,505011081,Padbury,1,633,629,624,,,,,,
542,505011081,Padbury,2,1098,1052,1073,,,,,,
543,505011081,Padbury,3,553,605,532,,,,,,
544,505011081,Padbury,4,532,538,552,,,,,,
545,505011081,Padbury,5,183,197,197,,,,,,
546,505011081,Padbury,6,33,49,37,,,,,,
547,505011081,Padbury,7,16,11,5,,,,,,
548,505011081,Padbury,8,0,3,3,,,,,,
549,505011082,Sorrento - Marmion,Total,3262,3312,3392,,,,,,
550,505011082,Sorrento - Marmion,1,551,580,586,,,,,,
551,505011082,Sorrento - Marmion,2,1098,1145,1218,,,,,,
552,505011082,Sorrento - Marmion,3,533,530,530,,,,,,
553,505011082,Sorrento - Marmion,4,722,722,722,,,,,,
554,505011082,Sorrento - Marmion,5,283,268,276,,,,,,
555,505011082,Sorrento - Marmion,6,64,57,58,,,,,,
556,505011082,Sorrento - Marmion,7,5,6,10,,,,,,
557,505011082,Sorrento - Marmion,8,0,5,3,,,,,,
558,505011083,Woodvale,Total,3066,3038,3144,,,,,,
559,505011083,Woodvale,1,392,407,443,,,,,,
560,505011083,Woodvale,2,811,881,955,,,,,,
561,505011083,Woodvale,3,542,569,603,,,,,,
562,505011083,Woodvale,4,872,801,788,,,,,,
563,505011083,Woodvale,5,378,293,282,,,,,,
564,505011083,Woodvale,6,69,72,64,,,,,,
565,505011083,Woodvale,7,10,11,10,,,,,,
566,505011083,Woodvale,8,3,3,5,,,,,,
567,505021084,Balcatta - Hamersley,Total,5904,6067,6058,,,,,,
568,505021084,Balcatta - Hamersley,1,1698,1745,1747,,,,,,
569,505021084,Balcatta - Hamersley,2,2190,2223,2113,,,,,,
570,505021084,Balcatta - Hamersley,3,918,930,972,,,,,,
571,505021084,Balcatta - Hamersley,4,733,745,807,,,,,,
572,505021084,Balcatta - Hamersley,5,259,295,298,,,,,,
573,505021084,Balcatta - Hamersley,6,86,102,92,,,,,,
574,505021084,Balcatta - Hamersley,7,17,7,15,,,,,,
575,505021084,Balcatta - Hamersley,8,7,13,14,,,,,,
576,505021085,Balga - Mirrabooka,Total,5452,6056,6819,,,,,,
577,505021085,Balga - Mirrabooka,1,1451,1589,1763,,,,,,
578,505021085,Balga - Mirrabooka,2,1596,1772,1952,,,,,,
579,505021085,Balga - Mirrabooka,3,883,950,1225,,,,,,
580,505021085,Balga - Mirrabooka,4,761,836,920,,,,,,
581,505021085,Balga - Mirrabooka,5,417,440,491,,,,,,
582,505021085,Balga - Mirrabooka,6,204,264,274,,,,,,
583,505021085,Balga - Mirrabooka,7,80,113,111,,,,,,
584,505021085,Balga - Mirrabooka,8,61,99,83,,,,,,
585,505021086,Dianella,Total,8664,8979,9182,,,,,,
586,505021086,Dianella,1,2575,2553,2523,,,,,,
587,505021086,Dianella,2,2938,2906,2981,,,,,,
588,505021086,Dianella,3,1116,1330,1394,,,,,,
589,505021086,Dianella,4,1304,1387,1419,,,,,,
590,505021086,Dianella,5,525,588,596,,,,,,
591,505021086,Dianella,6,165,152,178,,,,,,
592,505021086,Dianella,7,19,40,61,,,,,,
593,505021086,Dianella,8,29,24,35,,,,,,
594,505021087,Herdsman,Total,0,0,0,,,,,,
595,505021087,Herdsman,1,0,0,0,,,,,,
596,505021087,Herdsman,2,0,0,0,,,,,,
597,505021087,Herdsman,3,0,0,0,,,,,,
598,505021087,Herdsman,4,0,0,0,,,,,,
599,505021087,Herdsman,5,0,0,0,,,,,,
600,505021087,Herdsman,6,0,0,0,,,,,,
601,505021087,Herdsman,7,0,0,0,,,,,,
602,505021087,Herdsman,8,0,0,0,,,,,,
603,505021088,Innaloo - Doubleview,Total,5786,6303,6787,,,,,,
604,505021088,Innaloo - Doubleview,1,1886,1905,2050,,,,,,
605,505021088,Innaloo - Doubleview,2,2222,2313,2462,,,,,,
606,505021088,Innaloo - Doubleview,3,787,1019,1131,,,,,,
607,505021088,Innaloo - Doubleview,4,609,754,851,,,,,,
608,505021088,Innaloo - Doubleview,5,191,230,236,,,,,,
609,505021088,Innaloo - Doubleview,6,63,59,48,,,,,,
610,505021088,Innaloo - Doubleview,7,13,10,7,,,,,,
611,505021088,Innaloo - Doubleview,8,5,11,6,,,,,,
612,505021089,Karrinyup - Gwelup - Carine,Total,6213,6588,6907,,,,,,
613,505021089,Karrinyup - Gwelup - Carine,1,1152,1160,1208,,,,,,
614,505021089,Karrinyup - Gwelup - Carine,2,2159,2256,2327,,,,,,
615,505021089,Karrinyup - Gwelup - Carine,3,1066,1139,1136,,,,,,
616,505021089,Karrinyup - Gwelup - Carine,4,1314,1450,1587,,,,,,
617,505021089,Karrinyup - Gwelup - Carine,5,424,453,526,,,,,,
618,505021089,Karrinyup - Gwelup - Carine,6,77,93,101,,,,,,
619,505021089,Karrinyup - Gwelup - Carine,7,17,19,18,,,,,,
620,505021089,Karrinyup - Gwelup - Carine,8,4,12,12,,,,,,
621,505021090,Nollamara - Westminster,Total,4808,6144,7021,,,,,,
622,505021090,Nollamara - Westminster,1,1666,1912,2150,,,,,,
623,505021090,Nollamara - Westminster,2,1740,2202,2393,,,,,,
624,505021090,Nollamara - Westminster,3,631,993,1175,,,,,,
625,505021090,Nollamara - Westminster,4,457,600,813,,,,,,
626,505021090,Nollamara - Westminster,5,199,262,306,,,,,,
627,505021090,Nollamara - Westminster,6,66,105,130,,,,,,
628,505021090,Nollamara - Westminster,7,23,43,29,,,,,,
629,505021090,Nollamara - Westminster,8,23,27,22,,,,,,
630,505021091,Osborne Park Industrial,Total,3,0,0,,,,,,
631,505021091,Osborne Park Industrial,1,0,0,0,,,,,,
632,505021091,Osborne Park Industrial,2,0,0,0,,,,,,
633,505021091,Osborne Park Industrial,3,0,0,0,,,,,,
634,505021091,Osborne Park Industrial,4,0,0,0,,,,,,
635,505021091,Osborne Park Industrial,5,0,0,0,,,,,,
636,505021091,Osborne Park Industrial,6,0,0,0,,,,,,
637,505021091,Osborne Park Industrial,7,0,0,0,,,,,,
638,505021091,Osborne Park Industrial,8,0,0,0,,,,,,
639,505021092,Scarborough,Total,5638,6106,6623,,,,,,
640,505021092,Scarborough,1,2203,2131,2211,,,,,,
641,505021092,Scarborough,2,2168,2402,2543,,,,,,
642,505021092,Scarborough,3,669,866,963,,,,,,
643,505021092,Scarborough,4,448,517,672,,,,,,
644,505021092,Scarborough,5,122,147,187,,,,,,
645,505021092,Scarborough,6,28,23,37,,,,,,
646,505021092,Scarborough,7,3,4,8,,,,,,
647,505021092,Scarborough,8,3,8,3,,,,,,
648,505021093,Stirling - Osborne Park,Total,4164,5101,5253,,,,,,
649,505021093,Stirling - Osborne Park,1,1360,1405,1408,,,,,,
650,505021093,Stirling - Osborne Park,2,1379,1713,1754,,,,,,
651,505021093,Stirling - Osborne Park,3,603,799,835,,,,,,
652,505021093,Stirling - Osborne Park,4,549,800,855,,,,,,
653,505021093,Stirling - Osborne Park,5,209,277,303,,,,,,
654,505021093,Stirling - Osborne Park,6,64,78,72,,,,,,
655,505021093,Stirling - Osborne Park,7,15,11,17,,,,,,
656,505021093,Stirling - Osborne Park,8,3,6,6,,,,,,
657,505021094,Trigg - North Beach - Watermans Bay,Total,2714,2733,2868,,,,,,
658,505021094,Trigg - North Beach - Watermans Bay,1,829,757,738,,,,,,
659,505021094,Trigg - North Beach - Watermans Bay,2,924,973,1009,,,,,,
660,505021094,Trigg - North Beach - Watermans Bay,3,395,402,403,,,,,,
661,505021094,Trigg - North Beach - Watermans Bay,4,394,417,487,,,,,,
662,505021094,Trigg - North Beach - Watermans Bay,5,140,152,189,,,,,,
663,505021094,Trigg - North Beach - Watermans Bay,6,32,25,32,,,,,,
664,505021094,Trigg - North Beach - Watermans Bay,7,4,3,3,,,,,,
665,505021094,Trigg - North Beach - Watermans Bay,8,0,3,3,,,,,,
666,505021095,Tuart Hill - Joondanna,Total,5039,5245,5399,,,,,,
667,505021095,Tuart Hill - Joondanna,1,2372,2211,2167,,,,,,
668,505021095,Tuart Hill - Joondanna,2,1740,1817,1833,,,,,,
669,505021095,Tuart Hill - Joondanna,3,498,632,724,,,,,,
670,505021095,Tuart Hill - Joondanna,4,307,411,478,,,,,,
671,505021095,Tuart Hill - Joondanna,5,86,117,124,,,,,,
672,505021095,Tuart Hill - Joondanna,6,36,38,49,,,,,,
673,505021095,Tuart Hill - Joondanna,7,0,12,4,,,,,,
674,505021095,Tuart Hill - Joondanna,8,3,3,12,,,,,,
675,505021096,Wembley Downs - Churchlands - Woodlands,Total,4420,4667,4979,,,,,,
676,505021096,Wembley Downs - Churchlands - Woodlands,1,1171,1092,1086,,,,,,
677,505021096,Wembley Downs - Churchlands - Woodlands,2,1525,1545,1589,,,,,,
678,505021096,Wembley Downs - Churchlands - Woodlands,3,574,687,761,,,,,,
679,505021096,Wembley Downs - Churchlands - Woodlands,4,738,884,1029,,,,,,
680,505021096,Wembley Downs - Churchlands - Woodlands,5,332,368,390,,,,,,
681,505021096,Wembley Downs - Churchlands - Woodlands,6,63,77,95,,,,,,
682,505021096,Wembley Downs - Churchlands - Woodlands,7,13,12,20,,,,,,
683,505021096,Wembley Downs - Churchlands - Woodlands,8,3,6,4,,,,,,
684,505021097,Yokine - Coolbinia - Menora,Total,6055,6251,6409,,,,,,
685,505021097,Yokine - Coolbinia - Menora,1,2423,2254,2156,,,,,,
686,505021097,Yokine - Coolbinia - Menora,2,2018,2083,2192,,,,,,
687,505021097,Yokine - Coolbinia - Menora,3,719,841,854,,,,,,
688,505021097,Yokine - Coolbinia - Menora,4,593,715,830,,,,,,
689,505021097,Yokine - Coolbinia - Menora,5,228,264,272,,,,,,
690,505021097,Yokine - Coolbinia - Menora,6,64,77,77,,,,,,
691,505021097,Yokine - Coolbinia - Menora,7,12,12,18,,,,,,
692,505021097,Yokine - Coolbinia - Menora,8,8,8,4,,,,,,
693,505031098,Alexander Heights - Koondoola,Total,3678,3821,3830,,,,,,
694,505031098,Alexander Heights - Koondoola,1,648,734,716,,,,,,
695,505031098,Alexander Heights - Koondoola,2,1030,1134,1070,,,,,,
696,505031098,Alexander Heights - Koondoola,3,715,689,739,,,,,,
697,505031098,Alexander Heights - Koondoola,4,753,679,708,,,,,,
698,505031098,Alexander Heights - Koondoola,5,345,333,334,,,,,,
699,505031098,Alexander Heights - Koondoola,6,124,164,134,,,,,,
700,505031098,Alexander Heights - Koondoola,7,34,50,74,,,,,,
701,505031098,Alexander Heights - Koondoola,8,24,37,59,,,,,,
702,505031099,Butler - Merriwa - Ridgewood,Total,3895,6231,7640,,,,,,
703,505031099,Butler - Merriwa - Ridgewood,1,687,1065,1504,,,,,,
704,505031099,Butler - Merriwa - Ridgewood,2,1359,2060,2371,,,,,,
705,505031099,Butler - Merriwa - Ridgewood,3,615,1004,1356,,,,,,
706,505031099,Butler - Merriwa - Ridgewood,4,727,1269,1439,,,,,,
707,505031099,Butler - Merriwa - Ridgewood,5,331,538,638,,,,,,
708,505031099,Butler - Merriwa - Ridgewood,6,128,216,230,,,,,,
709,505031099,Butler - Merriwa - Ridgewood,7,30,49,59,,,,,,
710,505031099,Butler - Merriwa - Ridgewood,8,17,30,48,,,,,,
711,505031100,Carramar,Total,2078,3528,5212,,,,,,
712,505031100,Carramar,1,193,373,641,,,,,,
713,505031100,Carramar,2,587,1007,1489,,,,,,
714,505031100,Carramar,3,444,717,1101,,,,,,
715,505031100,Carramar,4,500,900,1223,,,,,,
716,505031100,Carramar,5,243,366,513,,,,,,
717,505031100,Carramar,6,80,114,166,,,,,,
718,505031100,Carramar,7,17,30,48,,,,,,
719,505031100,Carramar,8,9,18,33,,,,,,
720,505031101,Clarkson,Total,2321,3845,4457,,,,,,
721,505031101,Clarkson,1,344,660,829,,,,,,
722,505031101,Clarkson,2,765,1242,1475,,,,,,
723,505031101,Clarkson,3,432,799,923,,,,,,
724,505031101,Clarkson,4,453,690,755,,,,,,
725,505031101,Clarkson,5,218,296,313,,,,,,
726,505031101,Clarkson,6,82,95,125,,,,,,
727,505031101,Clarkson,7,17,36,27,,,,,,
728,505031101,Clarkson,8,9,21,16,,,,,,
729,505031102,Girrawheen,Total,2925,2995,3036,,,,,,
730,505031102,Girrawheen,1,811,819,805,,,,,,
731,505031102,Girrawheen,2,930,934,860,,,,,,
732,505031102,Girrawheen,3,477,475,514,,,,,,
733,505031102,Girrawheen,4,391,388,439,,,,,,
734,505031102,Girrawheen,5,183,209,205,,,,,,
735,505031102,Girrawheen,6,89,102,105,,,,,,
736,505031102,Girrawheen,7,23,28,55,,,,,,
737,505031102,Girrawheen,8,24,42,54,,,,,,
738,505031103,Madeley - Darch - Landsdale,Total,3554,5845,7735,,,,,,
739,505031103,Madeley - Darch - Landsdale,1,370,647,906,,,,,,
740,505031103,Madeley - Darch - Landsdale,2,1029,1551,2035,,,,,,
741,505031103,Madeley - Darch - Landsdale,3,615,1153,1478,,,,,,
742,505031103,Madeley - Darch - Landsdale,4,994,1581,2108,,,,,,
743,505031103,Madeley - Darch - Landsdale,5,386,631,808,,,,,,
744,505031103,Madeley - Darch - Landsdale,6,119,198,269,,,,,,
745,505031103,Madeley - Darch - Landsdale,7,35,54,78,,,,,,
746,505031103,Madeley - Darch - Landsdale,8,16,42,58,,,,,,
747,505031104,Marangaroo,Total,3371,3463,3416,,,,,,
748,505031104,Marangaroo,1,632,648,657,,,,,,
749,505031104,Marangaroo,2,990,998,974,,,,,,
750,505031104,Marangaroo,3,585,624,633,,,,,,
751,505031104,Marangaroo,4,714,691,632,,,,,,
752,505031104,Marangaroo,5,281,300,306,,,,,,
753,505031104,Marangaroo,6,126,132,132,,,,,,
754,505031104,Marangaroo,7,35,42,49,,,,,,
755,505031104,Marangaroo,8,15,21,36,,,,,,
756,505031105,Mindarie - Quinns Rocks - Jindalee,Total,4525,5463,5997,,,,,,
757,505031105,Mindarie - Quinns Rocks - Jindalee,1,541,635,752,,,,,,
758,505031105,Mindarie - Quinns Rocks - Jindalee,2,1434,1646,1842,,,,,,
759,505031105,Mindarie - Quinns Rocks - Jindalee,3,771,964,1162,,,,,,
760,505031105,Mindarie - Quinns Rocks - Jindalee,4,1105,1416,1456,,,,,,
761,505031105,Mindarie - Quinns Rocks - Jindalee,5,480,566,570,,,,,,
762,505031105,Mindarie - Quinns Rocks - Jindalee,6,154,175,174,,,,,,
763,505031105,Mindarie - Quinns Rocks - Jindalee,7,34,38,27,,,,,,
764,505031105,Mindarie - Quinns Rocks - Jindalee,8,7,22,26,,,,,,
765,505031106,Neerabup National Park,Total,0,0,4,,,,,,
766,505031106,Neerabup National Park,1,0,0,0,,,,,,
767,505031106,Neerabup National Park,2,0,0,0,,,,,,
768,505031106,Neerabup National Park,3,0,0,0,,,,,,
769,505031106,Neerabup National Park,4,0,0,0,,,,,,
770,505031106,Neerabup National Park,5,0,0,0,,,,,,
771,505031106,Neerabup National Park,6,0,0,0,,,,,,
772,505031106,Neerabup National Park,7,0,0,0,,,,,,
773,505031106,Neerabup National Park,8,0,0,0,,,,,,
774,505031107,Tapping - Ashby - Sinagra,Total,2041,4062,4284,,,,,,
775,505031107,Tapping - Ashby - Sinagra,1,358,557,659,,,,,,
776,505031107,Tapping - Ashby - Sinagra,2,719,1250,1190,,,,,,
777,505031107,Tapping - Ashby - Sinagra,3,337,757,788,,,,,,
778,505031107,Tapping - Ashby - Sinagra,4,384,942,1056,,,,,,
779,505031107,Tapping - Ashby - Sinagra,5,173,380,410,,,,,,
780,505031107,Tapping - Ashby - Sinagra,6,56,133,129,,,,,,
781,505031107,Tapping - Ashby - Sinagra,7,15,35,33,,,,,,
782,505031107,Tapping - Ashby - Sinagra,8,0,14,18,,,,,,
783,505031108,Wanneroo,Total,6382,8057,8939,,,,,,
784,505031108,Wanneroo,1,1182,1568,1690,,,,,,
785,505031108,Wanneroo,2,2286,2813,3031,,,,,,
786,505031108,Wanneroo,3,1132,1375,1631,,,,,,
787,505031108,Wanneroo,4,1100,1388,1648,,,,,,
788,505031108,Wanneroo,5,454,615,648,,,,,,
789,505031108,Wanneroo,6,179,214,208,,,,,,
790,505031108,Wanneroo,7,33,52,55,,,,,,
791,505031108,Wanneroo,8,17,42,27,,,,,,
792,505031255,Alkimos - Eglinton,Total,0,24,2677,,,,,,
793,505031255,Alkimos - Eglinton,1,0,3,419,,,,,,
794,505031255,Alkimos - Eglinton,2,0,13,918,,,,,,
795,505031255,Alkimos - Eglinton,3,0,0,563,,,,,,
796,505031255,Alkimos - Eglinton,4,0,3,532,,,,,,
797,505031255,Alkimos - Eglinton,5,0,3,191,,,,,,
798,505031255,Alkimos - Eglinton,6,0,0,43,,,,,,
799,505031255,Alkimos - Eglinton,7,0,0,8,,,,,,
800,505031255,Alkimos - Eglinton,8,0,0,3,,,,,,
801,505031256,Carabooda - Pinjar,Total,233,227,219,,,,,,
802,505031256,Carabooda - Pinjar,1,48,45,39,,,,,,
803,505031256,Carabooda - Pinjar,2,63,59,63,,,,,,
804,505031256,Carabooda - Pinjar,3,28,28,38,,,,,,
805,505031256,Carabooda - Pinjar,4,43,45,39,,,,,,
806,505031256,Carabooda - Pinjar,5,31,25,26,,,,,,
807,505031256,Carabooda - Pinjar,6,16,17,11,,,,,,
808,505031256,Carabooda - Pinjar,7,3,0,0,,,,,,
809,505031256,Carabooda - Pinjar,8,0,0,4,,,,,,
810,505031257,Two Rocks,Total,687,819,1027,,,,,,
811,505031257,Two Rocks,1,169,197,228,,,,,,
812,505031257,Two Rocks,2,283,323,349,,,,,,
813,505031257,Two Rocks,3,96,105,168,,,,,,
814,505031257,Two Rocks,4,73,126,170,,,,,,
815,505031257,Two Rocks,5,42,44,80,,,,,,
816,505031257,Two Rocks,6,10,13,22,,,,,,
817,505031257,Two Rocks,7,3,6,5,,,,,,
818,505031257,Two Rocks,8,0,3,0,,,,,,
819,505031258,Yanchep,Total,902,1503,2904,,,,,,
820,505031258,Yanchep,1,185,286,510,,,,,,
821,505031258,Yanchep,2,356,539,995,,,,,,
822,505031258,Yanchep,3,141,263,524,,,,,,
823,505031258,Yanchep,4,139,256,546,,,,,,
824,505031258,Yanchep,5,60,101,211,,,,,,
825,505031258,Yanchep,6,17,42,101,,,,,,
826,505031258,Yanchep,7,4,7,12,,,,,,
827,505031258,Yanchep,8,3,0,11,,,,,,
828,506011110,Armadale - Wungong - Brookdale,Total,5289,6077,6940,,,,,,
829,506011110,Armadale - Wungong - Brookdale,1,1547,1810,1958,,,,,,
830,506011110,Armadale - Wungong - Brookdale,2,1745,1991,2243,,,,,,
831,506011110,Armadale - Wungong - Brookdale,3,802,957,1218,,,,,,
832,506011110,Armadale - Wungong - Brookdale,4,647,719,849,,,,,,
833,506011110,Armadale - Wungong - Brookdale,5,323,351,378,,,,,,
834,506011110,Armadale - Wungong - Brookdale,6,152,164,194,,,,,,
835,506011110,Armadale - Wungong - Brookdale,7,37,41,51,,,,,,
836,506011110,Armadale - Wungong - Brookdale,8,34,43,45,,,,,,
837,506011111,Ashendon - Lesley,Total,0,0,0,,,,,,
838,506011111,Ashendon - Lesley,1,0,0,0,,,,,,
839,506011111,Ashendon - Lesley,2,0,0,0,,,,,,
840,506011111,Ashendon - Lesley,3,0,0,0,,,,,,
841,506011111,Ashendon - Lesley,4,0,0,0,,,,,,
842,506011111,Ashendon - Lesley,5,0,0,0,,,,,,
843,506011111,Ashendon - Lesley,6,0,0,0,,,,,,
844,506011111,Ashendon - Lesley,7,0,0,0,,,,,,
845,506011111,Ashendon - Lesley,8,0,0,0,,,,,,
846,506011112,Camillo - Champion Lakes,Total,1774,1830,1989,,,,,,
847,506011112,Camillo - Champion Lakes,1,393,420,468,,,,,,
848,506011112,Camillo - Champion Lakes,2,576,598,657,,,,,,
849,506011112,Camillo - Champion Lakes,3,319,326,381,,,,,,
850,506011112,Camillo - Champion Lakes,4,273,282,263,,,,,,
851,506011112,Camillo - Champion Lakes,5,132,125,120,,,,,,
852,506011112,Camillo - Champion Lakes,6,60,51,64,,,,,,
853,506011112,Camillo - Champion Lakes,7,11,23,15,,,,,,
854,506011112,Camillo - Champion Lakes,8,8,15,9,,,,,,
855,506011113,Forrestdale - Harrisdale - Piara Waters,Total,402,2462,6213,,,,,,
856,506011113,Forrestdale - Harrisdale - Piara Waters,1,64,262,708,,,,,,
857,506011113,Forrestdale - Harrisdale - Piara Waters,2,148,878,1818,,,,,,
858,506011113,Forrestdale - Harrisdale - Piara Waters,3,71,478,1401,,,,,,
859,506011113,Forrestdale - Harrisdale - Piara Waters,4,76,520,1489,,,,,,
860,506011113,Forrestdale - Harrisdale - Piara Waters,5,34,227,571,,,,,,
861,506011113,Forrestdale - Harrisdale - Piara Waters,6,4,79,161,,,,,,
862,506011113,Forrestdale - Harrisdale - Piara Waters,7,3,6,38,,,,,,
863,506011113,Forrestdale - Harrisdale - Piara Waters,8,4,3,32,,,,,,
864,506011114,Kelmscott,Total,3513,3737,3895,,,,,,
865,506011114,Kelmscott,1,858,952,1064,,,,,,
866,506011114,Kelmscott,2,1257,1362,1347,,,,,,
867,506011114,Kelmscott,3,569,630,652,,,,,,
868,506011114,Kelmscott,4,502,504,482,,,,,,
869,506011114,Kelmscott,5,203,185,220,,,,,,
870,506011114,Kelmscott,6,78,72,87,,,,,,
871,506011114,Kelmscott,7,20,19,26,,,,,,
872,506011114,Kelmscott,8,14,13,26,,,,,,
873,506011115,Mount Nasura - Mount Richon - Bedfordale,Total,2563,2561,2754,,,,,,
874,506011115,Mount Nasura - Mount Richon - Bedfordale,1,496,419,477,,,,,,
875,506011115,Mount Nasura - Mount Richon - Bedfordale,2,1006,1033,1122,,,,,,
876,506011115,Mount Nasura - Mount Richon - Bedfordale,3,391,404,414,,,,,,
877,506011115,Mount Nasura - Mount Richon - Bedfordale,4,393,431,438,,,,,,
878,506011115,Mount Nasura - Mount Richon - Bedfordale,5,177,167,189,,,,,,
879,506011115,Mount Nasura - Mount Richon - Bedfordale,6,88,79,83,,,,,,
880,506011115,Mount Nasura - Mount Richon - Bedfordale,7,14,20,20,,,,,,
881,506011115,Mount Nasura - Mount Richon - Bedfordale,8,6,14,14,,,,,,
882,506011116,Roleystone,Total,2136,2346,2426,,,,,,
883,506011116,Roleystone,1,285,309,385,,,,,,
884,506011116,Roleystone,2,820,908,908,,,,,,
885,506011116,Roleystone,3,372,402,407,,,,,,
886,506011116,Roleystone,4,399,459,449,,,,,,
887,506011116,Roleystone,5,186,201,190,,,,,,
888,506011116,Roleystone,6,63,62,65,,,,,,
889,506011116,Roleystone,7,7,7,11,,,,,,
890,506011116,Roleystone,8,5,8,4,,,,,,
891,506011117,Seville Grove,Total,2229,2953,3233,,,,,,
892,506011117,Seville Grove,1,311,479,542,,,,,,
893,506011117,Seville Grove,2,649,886,897,,,,,,
894,506011117,Seville Grove,3,462,602,666,,,,,,
895,506011117,Seville Grove,4,446,540,628,,,,,,
896,506011117,Seville Grove,5,230,272,301,,,,,,
897,506011117,Seville Grove,6,92,116,116,,,,,,
898,506011117,Seville Grove,7,26,33,45,,,,,,
899,506011117,Seville Grove,8,9,24,43,,,,,,
900,506021118,Belmont - Ascot - Redcliffe,Total,4627,5008,5216,,,,,,
901,506021118,Belmont - Ascot - Redcliffe,1,1504,1444,1473,,,,,,
902,506021118,Belmont - Ascot - Redcliffe,2,1707,1758,1789,,,,,,
903,506021118,Belmont - Ascot - Redcliffe,3,684,851,876,,,,,,
904,506021118,Belmont - Ascot - Redcliffe,4,477,579,683,,,,,,
905,506021118,Belmont - Ascot - Redcliffe,5,174,261,264,,,,,,
906,506021118,Belmont - Ascot - Redcliffe,6,54,88,86,,,,,,
907,506021118,Belmont - Ascot - Redcliffe,7,16,15,19,,,,,,
908,506021118,Belmont - Ascot - Redcliffe,8,9,24,21,,,,,,
909,506021119,East Victoria Park - Carlisle,Total,5815,6090,6367,,,,,,
910,506021119,East Victoria Park - Carlisle,1,2130,1915,1826,,,,,,
911,506021119,East Victoria Park - Carlisle,2,2079,2144,2292,,,,,,
912,506021119,East Victoria Park - Carlisle,3,806,962,1023,,,,,,
913,506021119,East Victoria Park - Carlisle,4,532,718,859,,,,,,
914,506021119,East Victoria Park - Carlisle,5,188,238,255,,,,,,
915,506021119,East Victoria Park - Carlisle,6,57,80,80,,,,,,
916,506021119,East Victoria Park - Carlisle,7,14,24,18,,,,,,
917,506021119,East Victoria Park - Carlisle,8,5,9,17,,,,,,
918,506021120,Kewdale Commercial,Total,0,0,0,,,,,,
919,506021120,Kewdale Commercial,1,0,0,0,,,,,,
920,506021120,Kewdale Commercial,2,0,0,0,,,,,,
921,506021120,Kewdale Commercial,3,0,0,0,,,,,,
922,506021120,Kewdale Commercial,4,0,0,0,,,,,,
923,506021120,Kewdale Commercial,5,0,0,0,,,,,,
924,506021120,Kewdale Commercial,6,0,0,0,,,,,,
925,506021120,Kewdale Commercial,7,0,0,0,,,,,,
926,506021120,Kewdale Commercial,8,0,0,0,,,,,,
927,506021121,Perth Airport,Total,0,0,0,,,,,,
928,506021121,Perth Airport,1,0,0,0,,,,,,
929,506021121,Perth Airport,2,0,0,0,,,,,,
930,506021121,Perth Airport,3,0,0,0,,,,,,
931,506021121,Perth Airport,4,0,0,0,,,,,,
932,506021121,Perth Airport,5,0,0,0,,,,,,
933,506021121,Perth Airport,6,0,0,0,,,,,,
934,506021121,Perth Airport,7,0,0,0,,,,,,
935,506021121,Perth Airport,8,0,0,0,,,,,,
936,506021122,Rivervale - Kewdale - Cloverdale,Total,7815,8682,9448,,,,,,
937,506021122,Rivervale - Kewdale - Cloverdale,1,2592,2648,2879,,,,,,
938,506021122,Rivervale - Kewdale - Cloverdale,2,2857,2981,3158,,,,,,
939,506021122,Rivervale - Kewdale - Cloverdale,3,1103,1372,1471,,,,,,
940,506021122,Rivervale - Kewdale - Cloverdale,4,781,1031,1131,,,,,,
941,506021122,Rivervale - Kewdale - Cloverdale,5,314,421,488,,,,,,
942,506021122,Rivervale - Kewdale - Cloverdale,6,124,170,211,,,,,,
943,506021122,Rivervale - Kewdale - Cloverdale,7,23,31,71,,,,,,
944,506021122,Rivervale - Kewdale - Cloverdale,8,19,31,39,,,,,,
945,506021123,Victoria Park - Lathlain - Burswood,Total,4779,5669,5878,,,,,,
946,506021123,Victoria Park - Lathlain - Burswood,1,1812,1808,1759,,,,,,
947,506021123,Victoria Park - Lathlain - Burswood,2,1760,2172,2207,,,,,,
948,506021123,Victoria Park - Lathlain - Burswood,3,647,923,971,,,,,,
949,506021123,Victoria Park - Lathlain - Burswood,4,414,551,669,,,,,,
950,506021123,Victoria Park - Lathlain - Burswood,5,104,151,197,,,,,,
951,506021123,Victoria Park - Lathlain - Burswood,6,32,49,58,,,,,,
952,506021123,Victoria Park - Lathlain - Burswood,7,7,10,11,,,,,,
953,506021123,Victoria Park - Lathlain - Burswood,8,0,6,4,,,,,,
954,506031124,Bentley - Wilson - St James,Total,6662,7132,7093,,,,,,
955,506031124,Bentley - Wilson - St James,1,2497,2458,2317,,,,,,
956,506031124,Bentley - Wilson - St James,2,2105,2051,2069,,,,,,
957,506031124,Bentley - Wilson - St James,3,911,1116,1054,,,,,,
958,506031124,Bentley - Wilson - St James,4,722,849,941,,,,,,
959,506031124,Bentley - Wilson - St James,5,277,414,451,,,,,,
960,506031124,Bentley - Wilson - St James,6,111,166,169,,,,,,
961,506031124,Bentley - Wilson - St James,7,26,48,48,,,,,,
962,506031124,Bentley - Wilson - St James,8,20,29,37,,,,,,
963,506031125,Canning Vale - West,Total,2670,3062,3057,,,,,,
964,506031125,Canning Vale - West,1,170,239,282,,,,,,
965,506031125,Canning Vale - West,2,686,851,862,,,,,,
966,506031125,Canning Vale - West,3,533,572,600,,,,,,
967,506031125,Canning Vale - West,4,799,854,826,,,,,,
968,506031125,Canning Vale - West,5,344,385,324,,,,,,
969,506031125,Canning Vale - West,6,107,106,102,,,,,,
970,506031125,Canning Vale - West,7,33,35,40,,,,,,
971,506031125,Canning Vale - West,8,3,17,19,,,,,,
972,506031126,Canning Vale Commercial,Total,0,0,0,,,,,,
973,506031126,Canning Vale Commercial,1,0,0,0,,,,,,
974,506031126,Canning Vale Commercial,2,0,0,0,,,,,,
975,506031126,Canning Vale Commercial,3,0,0,0,,,,,,
976,506031126,Canning Vale Commercial,4,0,0,0,,,,,,
977,506031126,Canning Vale Commercial,5,0,0,0,,,,,,
978,506031126,Canning Vale Commercial,6,0,0,0,,,,,,
979,506031126,Canning Vale Commercial,7,0,0,0,,,,,,
980,506031126,Canning Vale Commercial,8,0,0,0,,,,,,
981,506031127,Cannington - Queens Park,Total,4429,5328,6024,,,,,,
982,506031127,Cannington - Queens Park,1,1278,1302,1306,,,,,,
983,506031127,Cannington - Queens Park,2,1518,1757,1757,,,,,,
984,506031127,Cannington - Queens Park,3,753,919,1176,,,,,,
985,506031127,Cannington - Queens Park,4,526,744,991,,,,,,
986,506031127,Cannington - Queens Park,5,223,356,466,,,,,,
987,506031127,Cannington - Queens Park,6,110,168,211,,,,,,
988,506031127,Cannington - Queens Park,7,20,52,71,,,,,,
989,506031127,Cannington - Queens Park,8,5,25,49,,,,,,
990,506031128,Parkwood - Ferndale - Lynwood,Total,5166,5225,5202,,,,,,
991,506031128,Parkwood - Ferndale - Lynwood,1,1317,1319,1313,,,,,,
992,506031128,Parkwood - Ferndale - Lynwood,2,1829,1806,1778,,,,,,
993,506031128,Parkwood - Ferndale - Lynwood,3,840,874,888,,,,,,
994,506031128,Parkwood - Ferndale - Lynwood,4,747,785,757,,,,,,
995,506031128,Parkwood - Ferndale - Lynwood,5,306,306,303,,,,,,
996,506031128,Parkwood - Ferndale - Lynwood,6,96,89,98,,,,,,
997,506031128,Parkwood - Ferndale - Lynwood,7,17,25,37,,,,,,
998,506031128,Parkwood - Ferndale - Lynwood,8,13,17,23,,,,,,
999,506031129,Riverton - Shelley - Rossmoyne,Total,4398,4610,4677,,,,,,
1000,506031129,Riverton - Shelley - Rossmoyne,1,1024,995,938,,,,,,
1001,506031129,Riverton - Shelley - Rossmoyne,2,1424,1474,1433,,,,,,
1002,506031129,Riverton - Shelley - Rossmoyne,3,699,707,721,,,,,,
1003,506031129,Riverton - Shelley - Rossmoyne,4,762,917,1047,,,,,,
1004,506031129,Riverton - Shelley - Rossmoyne,5,366,387,410,,,,,,
1005,506031129,Riverton - Shelley - Rossmoyne,6,101,96,97,,,,,,
1006,506031129,Riverton - Shelley - Rossmoyne,7,12,22,24,,,,,,
1007,506031129,Riverton - Shelley - Rossmoyne,8,3,9,10,,,,,,
1008,506031130,Welshpool,Total,3,6,0,,,,,,
1009,506031130,Welshpool,1,3,0,0,,,,,,
1010,506031130,Welshpool,2,0,0,0,,,,,,
1011,506031130,Welshpool,3,0,0,0,,,,,,
1012,506031130,Welshpool,4,0,0,0,,,,,,
1013,506031130,Welshpool,5,0,0,0,,,,,,
1014,506031130,Welshpool,6,0,0,0,,,,,,
1015,506031130,Welshpool,7,0,0,0,,,,,,
1016,506031130,Welshpool,8,0,0,0,,,,,,
1017,506031131,Willetton,Total,5856,5887,5872,,,,,,
1018,506031131,Willetton,1,969,937,834,,,,,,
1019,506031131,Willetton,2,1817,1748,1580,,,,,,
1020,506031131,Willetton,3,1083,1134,1090,,,,,,
1021,506031131,Willetton,4,1278,1332,1530,,,,,,
1022,506031131,Willetton,5,533,540,591,,,,,,
1023,506031131,Willetton,6,138,155,176,,,,,,
1024,506031131,Willetton,7,25,25,52,,,,,,
1025,506031131,Willetton,8,12,10,19,,,,,,
1026,506041132,Beckenham - Kenwick - Langford,Total,5717,6086,6429,,,,,,
1027,506041132,Beckenham - Kenwick - Langford,1,1353,1344,1386,,,,,,
1028,506041132,Beckenham - Kenwick - Langford,2,1933,1957,1969,,,,,,
1029,506041132,Beckenham - Kenwick - Langford,3,976,1070,1174,,,,,,
1030,506041132,Beckenham - Kenwick - Langford,4,825,916,962,,,,,,
1031,506041132,Beckenham - Kenwick - Langford,5,400,471,545,,,,,,
1032,506041132,Beckenham - Kenwick - Langford,6,169,214,230,,,,,,
1033,506041132,Beckenham - Kenwick - Langford,7,36,58,87,,,,,,
1034,506041132,Beckenham - Kenwick - Langford,8,33,57,67,,,,,,
1035,506041133,Canning Vale - East,Total,4058,5987,6695,,,,,,
1036,506041133,Canning Vale - East,1,303,637,758,,,,,,
1037,506041133,Canning Vale - East,2,1119,1682,1712,,,,,,
1038,506041133,Canning Vale - East,3,812,1180,1356,,,,,,
1039,506041133,Canning Vale - East,4,1192,1576,1741,,,,,,
1040,506041133,Canning Vale - East,5,452,597,726,,,,,,
1041,506041133,Canning Vale - East,6,142,212,264,,,,,,
1042,506041133,Canning Vale - East,7,27,67,93,,,,,,
1043,506041133,Canning Vale - East,8,15,35,49,,,,,,
1044,506041134,Gosnells,Total,6605,7104,7225,,,,,,
1045,506041134,Gosnells,1,1907,2023,2061,,,,,,
1046,506041134,Gosnells,2,2232,2377,2236,,,,,,
1047,506041134,Gosnells,3,1028,1105,1124,,,,,,
1048,506041134,Gosnells,4,823,951,969,,,,,,
1049,506041134,Gosnells,5,393,397,488,,,,,,
1050,506041134,Gosnells,6,156,175,216,,,,,,
1051,506041134,Gosnells,7,38,49,68,,,,,,
1052,506041134,Gosnells,8,17,33,57,,,,,,
1053,506041135,Huntingdale - Southern River,Total,3608,4675,5943,,,,,,
1054,506041135,Huntingdale - Southern River,1,505,619,790,,,,,,
1055,506041135,Huntingdale - Southern River,2,1162,1412,1600,,,,,,
1056,506041135,Huntingdale - Southern River,3,700,930,1187,,,,,,
1057,506041135,Huntingdale - Southern River,4,776,1068,1390,,,,,,
1058,506041135,Huntingdale - Southern River,5,313,425,640,,,,,,
1059,506041135,Huntingdale - Southern River,6,120,150,221,,,,,,
1060,506041135,Huntingdale - Southern River,7,14,40,69,,,,,,
1061,506041135,Huntingdale - Southern River,8,14,23,47,,,,,,
1062,506041136,Maddington - Orange Grove - Martin,Total,4050,4260,4691,,,,,,
1063,506041136,Maddington - Orange Grove - Martin,1,1060,1091,1200,,,,,,
1064,506041136,Maddington - Orange Grove - Martin,2,1408,1436,1419,,,,,,
1065,506041136,Maddington - Orange Grove - Martin,3,662,728,813,,,,,,
1066,506041136,Maddington - Orange Grove - Martin,4,522,539,627,,,,,,
1067,506041136,Maddington - Orange Grove - Martin,5,237,264,337,,,,,,
1068,506041136,Maddington - Orange Grove - Martin,6,107,113,160,,,,,,
1069,506041136,Maddington - Orange Grove - Martin,7,29,46,72,,,,,,
1070,506041136,Maddington - Orange Grove - Martin,8,17,39,66,,,,,,
1071,506041137,Thornlie,Total,7733,7987,8014,,,,,,
1072,506041137,Thornlie,1,1393,1508,1535,,,,,,
1073,506041137,Thornlie,2,2600,2648,2627,,,,,,
1074,506041137,Thornlie,3,1396,1459,1470,,,,,,
1075,506041137,Thornlie,4,1435,1381,1355,,,,,,
1076,506041137,Thornlie,5,613,626,636,,,,,,
1077,506041137,Thornlie,6,205,270,259,,,,,,
1078,506041137,Thornlie,7,64,64,92,,,,,,
1079,506041137,Thornlie,8,35,38,50,,,,,,
1080,506051138,Forrestfield - Wattle Grove,Total,4878,5687,6467,,,,,,
1081,506051138,Forrestfield - Wattle Grove,1,1004,1184,1332,,,,,,
1082,506051138,Forrestfield - Wattle Grove,2,1740,1943,2100,,,,,,
1083,506051138,Forrestfield - Wattle Grove,3,870,1050,1129,,,,,,
1084,506051138,Forrestfield - Wattle Grove,4,780,914,1139,,,,,,
1085,506051138,Forrestfield - Wattle Grove,5,322,387,482,,,,,,
1086,506051138,Forrestfield - Wattle Grove,6,115,140,175,,,,,,
1087,506051138,Forrestfield - Wattle Grove,7,32,40,60,,,,,,
1088,506051138,Forrestfield - Wattle Grove,8,17,30,47,,,,,,
1089,506051139,High Wycombe,Total,3576,4093,4338,,,,,,
1090,506051139,High Wycombe,1,632,795,937,,,,,,
1091,506051139,High Wycombe,2,1225,1452,1507,,,,,,
1092,506051139,High Wycombe,3,632,681,738,,,,,,
1093,506051139,High Wycombe,4,689,722,737,,,,,,
1094,506051139,High Wycombe,5,295,317,284,,,,,,
1095,506051139,High Wycombe,6,81,94,99,,,,,,
1096,506051139,High Wycombe,7,12,21,25,,,,,,
1097,506051139,High Wycombe,8,9,13,23,,,,,,
1098,506051140,Kalamunda - Maida Vale - Gooseberry Hill,Total,5213,5368,5486,,,,,,
1099,506051140,Kalamunda - Maida Vale - Gooseberry Hill,1,946,1008,1129,,,,,,
1100,506051140,Kalamunda - Maida Vale - Gooseberry Hill,2,2060,2144,2150,,,,,,
1101,506051140,Kalamunda - Maida Vale - Gooseberry Hill,3,810,816,800,,,,,,
1102,506051140,Kalamunda - Maida Vale - Gooseberry Hill,4,875,896,879,,,,,,
1103,506051140,Kalamunda - Maida Vale - Gooseberry Hill,5,364,360,406,,,,,,
1104,506051140,Kalamunda - Maida Vale - Gooseberry Hill,6,120,108,84,,,,,,
1105,506051140,Kalamunda - Maida Vale - Gooseberry Hill,7,22,31,30,,,,,,
1106,506051140,Kalamunda - Maida Vale - Gooseberry Hill,8,10,8,17,,,,,,
1107,506051141,Lesmurdie - Bickley - Carmel,Total,3746,3726,3788,,,,,,
1108,506051141,Lesmurdie - Bickley - Carmel,1,629,603,656,,,,,,
1109,506051141,Lesmurdie - Bickley - Carmel,2,1352,1331,1350,,,,,,
1110,506051141,Lesmurdie - Bickley - Carmel,3,582,615,599,,,,,,
1111,506051141,Lesmurdie - Bickley - Carmel,4,738,707,725,,,,,,
1112,506051141,Lesmurdie - Bickley - Carmel,5,321,341,341,,,,,,
1113,506051141,Lesmurdie - Bickley - Carmel,6,94,108,93,,,,,,
1114,506051141,Lesmurdie - Bickley - Carmel,7,16,14,21,,,,,,
1115,506051141,Lesmurdie - Bickley - Carmel,8,11,7,9,,,,,,
1116,506061142,Byford,Total,1375,2603,5097,,,,,,
1117,506061142,Byford,1,173,297,667,,,,,,
1118,506061142,Byford,2,491,884,1626,,,,,,
1119,506061142,Byford,3,221,498,1014,,,,,,
1120,506061142,Byford,4,269,528,1075,,,,,,
1121,506061142,Byford,5,142,244,459,,,,,,
1122,506061142,Byford,6,49,104,172,,,,,,
1123,506061142,Byford,7,24,33,57,,,,,,
1124,506061142,Byford,8,14,18,33,,,,,,
1125,506061143,Mundijong,Total,1630,1784,1954,,,,,,
1126,506061143,Mundijong,1,187,209,206,,,,,,
1127,506061143,Mundijong,2,567,576,669,,,,,,
1128,506061143,Mundijong,3,279,319,343,,,,,,
1129,506061143,Mundijong,4,347,386,401,,,,,,
1130,506061143,Mundijong,5,167,186,198,,,,,,
1131,506061143,Mundijong,6,53,72,83,,,,,,
1132,506061143,Mundijong,7,15,22,29,,,,,,
1133,506061143,Mundijong,8,14,19,18,,,,,,
1134,506061144,Serpentine - Jarrahdale,Total,1185,1283,1363,,,,,,
1135,506061144,Serpentine - Jarrahdale,1,187,215,234,,,,,,
1136,506061144,Serpentine - Jarrahdale,2,476,510,541,,,,,,
1137,506061144,Serpentine - Jarrahdale,3,175,188,210,,,,,,
1138,506061144,Serpentine - Jarrahdale,4,211,225,234,,,,,,
1139,506061144,Serpentine - Jarrahdale,5,100,92,88,,,,,,
1140,506061144,Serpentine - Jarrahdale,6,33,33,41,,,,,,
1141,506061144,Serpentine - Jarrahdale,7,3,10,13,,,,,,
1142,506061144,Serpentine - Jarrahdale,8,3,3,9,,,,,,
1143,506071145,Como,Total,5773,6016,6083,,,,,,
1144,506071145,Como,1,2394,2189,2139,,,,,,
1145,506071145,Como,2,2121,2319,2220,,,,,,
1146,506071145,Como,3,639,776,904,,,,,,
1147,506071145,Como,4,449,527,608,,,,,,
1148,506071145,Como,5,127,161,156,,,,,,
1149,506071145,Como,6,33,38,39,,,,,,
1150,506071145,Como,7,6,8,9,,,,,,
1151,506071145,Como,8,3,0,5,,,,,,
1152,506071146,Manning - Waterford,Total,3467,3600,3698,,,,,,
1153,506071146,Manning - Waterford,1,783,875,786,,,,,,
1154,506071146,Manning - Waterford,2,1145,1144,1176,,,,,,
1155,506071146,Manning - Waterford,3,601,581,666,,,,,,
1156,506071146,Manning - Waterford,4,599,637,695,,,,,,
1157,506071146,Manning - Waterford,5,251,250,248,,,,,,
1158,506071146,Manning - Waterford,6,63,77,75,,,,,,
1159,506071146,Manning - Waterford,7,19,22,28,,,,,,
1160,506071146,Manning - Waterford,8,8,11,19,,,,,,
1161,506071147,South Perth - Kensington,Total,6221,6635,6569,,,,,,
1162,506071147,South Perth - Kensington,1,2148,2104,2026,,,,,,
1163,506071147,South Perth - Kensington,2,2245,2437,2352,,,,,,
1164,506071147,South Perth - Kensington,3,808,929,925,,,,,,
1165,506071147,South Perth - Kensington,4,745,833,896,,,,,,
1166,506071147,South Perth - Kensington,5,233,278,296,,,,,,
1167,506071147,South Perth - Kensington,6,31,40,62,,,,,,
1168,506071147,South Perth - Kensington,7,6,8,7,,,,,,
1169,506071147,South Perth - Kensington,8,3,3,0,,,,,,
1170,507011148,Banjup,Total,2482,4482,5379,,,,,,
1171,507011148,Banjup,1,230,442,576,,,,,,
1172,507011148,Banjup,2,694,1378,1426,,,,,,
1173,507011148,Banjup,3,474,865,1064,,,,,,
1174,507011148,Banjup,4,720,1205,1534,,,,,,
1175,507011148,Banjup,5,274,435,571,,,,,,
1176,507011148,Banjup,6,71,105,147,,,,,,
1177,507011148,Banjup,7,13,35,40,,,,,,
1178,507011148,Banjup,8,3,16,17,,,,,,
1179,507011150,Bibra Industrial,Total,4,4,0,,,,,,
1180,507011150,Bibra Industrial,1,0,0,0,,,,,,
1181,507011150,Bibra Industrial,2,0,0,0,,,,,,
1182,507011150,Bibra Industrial,3,0,0,0,,,,,,
1183,507011150,Bibra Industrial,4,0,0,0,,,,,,
1184,507011150,Bibra Industrial,5,0,0,0,,,,,,
1185,507011150,Bibra Industrial,6,0,0,0,,,,,,
1186,507011150,Bibra Industrial,7,0,0,0,,,,,,
1187,507011150,Bibra Industrial,8,0,0,0,,,,,,
1188,507011151,Bibra Lake,Total,0,0,0,,,,,,
1189,507011151,Bibra Lake,1,0,0,0,,,,,,
1190,507011151,Bibra Lake,2,0,0,0,,,,,,
1191,507011151,Bibra Lake,3,0,0,0,,,,,,
1192,507011151,Bibra Lake,4,0,0,0,,,,,,
1193,507011151,Bibra Lake,5,0,0,0,,,,,,
1194,507011151,Bibra Lake,6,0,0,0,,,,,,
1195,507011151,Bibra Lake,7,0,0,0,,,,,,
1196,507011151,Bibra Lake,8,0,0,0,,,,,,
1197,507011152,Coogee,Total,2387,2634,3051,,,,,,
1198,507011152,Coogee,1,431,469,554,,,,,,
1199,507011152,Coogee,2,771,907,1019,,,,,,
1200,507011152,Coogee,3,366,426,522,,,,,,
1201,507011152,Coogee,4,512,529,634,,,,,,
1202,507011152,Coogee,5,221,228,243,,,,,,
1203,507011152,Coogee,6,65,61,59,,,,,,
1204,507011152,Coogee,7,5,7,11,,,,,,
1205,507011152,Coogee,8,7,4,5,,,,,,
1206,507011153,Coolbellup,Total,2967,3056,3158,,,,,,
1207,507011153,Coolbellup,1,827,858,931,,,,,,
1208,507011153,Coolbellup,2,1008,1052,1034,,,,,,
1209,507011153,Coolbellup,3,447,482,522,,,,,,
1210,507011153,Coolbellup,4,450,431,447,,,,,,
1211,507011153,Coolbellup,5,171,155,155,,,,,,
1212,507011153,Coolbellup,6,48,60,51,,,,,,
1213,507011153,Coolbellup,7,9,18,15,,,,,,
1214,507011153,Coolbellup,8,0,8,8,,,,,,
1215,507011154,Hamilton Hill,Total,3867,4046,4136,,,,,,
1216,507011154,Hamilton Hill,1,1255,1294,1351,,,,,,
1217,507011154,Hamilton Hill,2,1404,1410,1433,,,,,,
1218,507011154,Hamilton Hill,3,585,656,631,,,,,,
1219,507011154,Hamilton Hill,4,398,430,457,,,,,,
1220,507011154,Hamilton Hill,5,146,184,183,,,,,,
1221,507011154,Hamilton Hill,6,55,60,57,,,,,,
1222,507011154,Hamilton Hill,7,9,7,20,,,,,,
1223,507011154,Hamilton Hill,8,14,6,6,,,,,,
1224,507011155,Henderson,Total,0,6,6,,,,,,
1225,507011155,Henderson,1,0,6,6,,,,,,
1226,507011155,Henderson,2,0,0,0,,,,,,
1227,507011155,Henderson,3,0,0,0,,,,,,
1228,507011155,Henderson,4,0,0,0,,,,,,
1229,507011155,Henderson,5,0,0,0,,,,,,
1230,507011155,Henderson,6,0,0,0,,,,,,
1231,507011155,Henderson,7,0,0,0,,,,,,
1232,507011155,Henderson,8,0,0,0,,,,,,
1233,507011158,North Coogee,Total,0,189,862,,,,,,
1234,507011158,North Coogee,1,0,22,170,,,,,,
1235,507011158,North Coogee,2,0,66,381,,,,,,
1236,507011158,North Coogee,3,0,39,118,,,,,,
1237,507011158,North Coogee,4,0,38,140,,,,,,
1238,507011158,North Coogee,5,0,16,36,,,,,,
1239,507011158,North Coogee,6,0,8,11,,,,,,
1240,507011158,North Coogee,7,0,0,3,,,,,,
1241,507011158,North Coogee,8,0,0,0,,,,,,
1242,507011159,South Lake - Cockburn Central,Total,3903,4101,4330,,,,,,
1243,507011159,South Lake - Cockburn Central,1,849,951,1093,,,,,,
1244,507011159,South Lake - Cockburn Central,2,1256,1336,1492,,,,,,
1245,507011159,South Lake - Cockburn Central,3,744,732,726,,,,,,
1246,507011159,South Lake - Cockburn Central,4,674,686,682,,,,,,
1247,507011159,South Lake - Cockburn Central,5,262,272,229,,,,,,
1248,507011159,South Lake - Cockburn Central,6,77,85,77,,,,,,
1249,507011159,South Lake - Cockburn Central,7,21,23,18,,,,,,
1250,507011159,South Lake - Cockburn Central,8,12,17,14,,,,,,
1251,507011160,Spearwood,Total,3369,3535,3854,,,,,,
1252,507011160,Spearwood,1,806,909,1028,,,,,,
1253,507011160,Spearwood,2,1216,1270,1399,,,,,,
1254,507011160,Spearwood,3,603,566,636,,,,,,
1255,507011160,Spearwood,4,474,512,497,,,,,,
1256,507011160,Spearwood,5,189,195,200,,,,,,
1257,507011160,Spearwood,6,64,57,61,,,,,,
1258,507011160,Spearwood,7,15,12,15,,,,,,
1259,507011160,Spearwood,8,4,3,12,,,,,,
1260,507011161,Success - Hammond Park,Total,1985,3689,4879,,,,,,
1261,507011161,Success - Hammond Park,1,286,556,760,,,,,,
1262,507011161,Success - Hammond Park,2,690,1230,1444,,,,,,
1263,507011161,Success - Hammond Park,3,366,740,991,,,,,,
1264,507011161,Success - Hammond Park,4,438,768,1138,,,,,,
1265,507011161,Success - Hammond Park,5,148,292,383,,,,,,
1266,507011161,Success - Hammond Park,6,45,70,108,,,,,,
1267,507011161,Success - Hammond Park,7,8,17,40,,,,,,
1268,507011161,Success - Hammond Park,8,3,14,18,,,,,,
1269,507011163,Yangebup,Total,2104,2456,2558,,,,,,
1270,507011163,Yangebup,1,417,464,495,,,,,,
1271,507011163,Yangebup,2,667,774,823,,,,,,
1272,507011163,Yangebup,3,379,489,481,,,,,,
1273,507011163,Yangebup,4,426,472,503,,,,,,
1274,507011163,Yangebup,5,156,184,169,,,,,,
1275,507011163,Yangebup,6,37,57,67,,,,,,
1276,507011163,Yangebup,7,13,14,9,,,,,,
1277,507011163,Yangebup,8,0,6,13,,,,,,
1278,507011259,Beeliar - Wattleup,Total,1670,2101,2717,,,,,,
1279,507011259,Beeliar - Wattleup,1,234,301,403,,,,,,
1280,507011259,Beeliar - Wattleup,2,510,632,864,,,,,,
1281,507011259,Beeliar - Wattleup,3,297,391,562,,,,,,
1282,507011259,Beeliar - Wattleup,4,394,482,569,,,,,,
1283,507011259,Beeliar - Wattleup,5,167,210,234,,,,,,
1284,507011259,Beeliar - Wattleup,6,62,62,59,,,,,,
1285,507011259,Beeliar - Wattleup,7,13,20,18,,,,,,
1286,507011259,Beeliar - Wattleup,8,3,10,5,,,,,,
1287,507011260,Jandakot,Total,798,814,826,,,,,,
1288,507011260,Jandakot,1,59,76,96,,,,,,
1289,507011260,Jandakot,2,270,286,301,,,,,,
1290,507011260,Jandakot,3,172,163,144,,,,,,
1291,507011260,Jandakot,4,195,180,180,,,,,,
1292,507011260,Jandakot,5,71,77,79,,,,,,
1293,507011260,Jandakot,6,22,28,19,,,,,,
1294,507011260,Jandakot,7,7,6,4,,,,,,
1295,507011260,Jandakot,8,0,3,0,,,,,,
1296,507021164,East Fremantle,Total,2511,2612,2712,,,,,,
1297,507021164,East Fremantle,1,703,697,677,,,,,,
1298,507021164,East Fremantle,2,855,877,910,,,,,,
1299,507021164,East Fremantle,3,341,379,414,,,,,,
1300,507021164,East Fremantle,4,387,435,492,,,,,,
1301,507021164,East Fremantle,5,178,188,175,,,,,,
1302,507021164,East Fremantle,6,39,27,33,,,,,,
1303,507021164,East Fremantle,7,0,6,3,,,,,,
1304,507021164,East Fremantle,8,3,0,0,,,,,,
1305,507021165,Fremantle,Total,5402,5653,5927,,,,,,
1306,507021165,Fremantle,1,2118,2047,2077,,,,,,
1307,507021165,Fremantle,2,1951,2097,2153,,,,,,
1308,507021165,Fremantle,3,707,760,843,,,,,,
1309,507021165,Fremantle,4,481,528,638,,,,,,
1310,507021165,Fremantle,5,133,173,186,,,,,,
1311,507021165,Fremantle,6,17,32,27,,,,,,
1312,507021165,Fremantle,7,5,3,4,,,,,,
1313,507021165,Fremantle,8,3,3,3,,,,,,
1314,507021166,Fremantle - South,Total,5056,5409,5625,,,,,,
1315,507021166,Fremantle - South,1,1523,1616,1606,,,,,,
1316,507021166,Fremantle - South,2,1800,1867,1971,,,,,,
1317,507021166,Fremantle - South,3,773,856,941,,,,,,
1318,507021166,Fremantle - South,4,644,699,758,,,,,,
1319,507021166,Fremantle - South,5,227,259,260,,,,,,
1320,507021166,Fremantle - South,6,55,85,64,,,,,,
1321,507021166,Fremantle - South,7,8,20,19,,,,,,
1322,507021166,Fremantle - South,8,8,11,14,,,,,,
1323,507021167,O'Connor (WA),Total,0,0,7,,,,,,
1324,507021167,O'Connor (WA),1,0,0,0,,,,,,
1325,507021167,O'Connor (WA),2,0,0,0,,,,,,
1326,507021167,O'Connor (WA),3,0,0,0,,,,,,
1327,507021167,O'Connor (WA),4,0,0,0,,,,,,
1328,507021167,O'Connor (WA),5,0,0,0,,,,,,
1329,507021167,O'Connor (WA),6,0,0,0,,,,,,
1330,507021167,O'Connor (WA),7,0,0,0,,,,,,
1331,507021167,O'Connor (WA),8,0,0,0,,,,,,
1332,507031169,Bertram - Wellard (West),Total,1107,2579,4431,,,,,,
1333,507031169,Bertram - Wellard (West),1,128,359,616,,,,,,
1334,507031169,Bertram - Wellard (West),2,401,864,1298,,,,,,
1335,507031169,Bertram - Wellard (West),3,231,528,943,,,,,,
1336,507031169,Bertram - Wellard (West),4,204,512,940,,,,,,
1337,507031169,Bertram - Wellard (West),5,90,216,408,,,,,,
1338,507031169,Bertram - Wellard (West),6,45,78,148,,,,,,
1339,507031169,Bertram - Wellard (West),7,9,19,44,,,,,,
1340,507031169,Bertram - Wellard (West),8,0,12,33,,,,,,
1341,507031170,Calista,Total,2355,2669,2776,,,,,,
1342,507031170,Calista,1,770,786,841,,,,,,
1343,507031170,Calista,2,807,864,865,,,,,,
1344,507031170,Calista,3,311,420,421,,,,,,
1345,507031170,Calista,4,248,331,374,,,,,,
1346,507031170,Calista,5,156,162,168,,,,,,
1347,507031170,Calista,6,48,80,70,,,,,,
1348,507031170,Calista,7,15,22,29,,,,,,
1349,507031170,Calista,8,6,12,16,,,,,,
1350,507031172,Hope Valley - Postans,Total,73,30,16,,,,,,
1351,507031172,Hope Valley - Postans,1,9,6,3,,,,,,
1352,507031172,Hope Valley - Postans,2,34,10,10,,,,,,
1353,507031172,Hope Valley - Postans,3,3,4,5,,,,,,
1354,507031172,Hope Valley - Postans,4,11,4,0,,,,,,
1355,507031172,Hope Valley - Postans,5,6,4,0,,,,,,
1356,507031172,Hope Valley - Postans,6,4,0,0,,,,,,
1357,507031172,Hope Valley - Postans,7,0,0,0,,,,,,
1358,507031172,Hope Valley - Postans,8,0,0,0,,,,,,
1359,507031173,Kwinana Industrial,Total,11,0,4,,,,,,
1360,507031173,Kwinana Industrial,1,0,0,0,,,,,,
1361,507031173,Kwinana Industrial,2,0,0,7,,,,,,
1362,507031173,Kwinana Industrial,3,3,0,0,,,,,,
1363,507031173,Kwinana Industrial,4,0,0,0,,,,,,
1364,507031173,Kwinana Industrial,5,0,0,0,,,,,,
1365,507031173,Kwinana Industrial,6,0,0,0,,,,,,
1366,507031173,Kwinana Industrial,7,0,0,0,,,,,,
1367,507031173,Kwinana Industrial,8,0,0,0,,,,,,
1368,507031174,Parmelia - Orelia,Total,3655,3963,3915,,,,,,
1369,507031174,Parmelia - Orelia,1,940,983,1026,,,,,,
1370,507031174,Parmelia - Orelia,2,1250,1325,1295,,,,,,
1371,507031174,Parmelia - Orelia,3,612,709,682,,,,,,
1372,507031174,Parmelia - Orelia,4,489,556,551,,,,,,
1373,507031174,Parmelia - Orelia,5,229,230,236,,,,,,
1374,507031174,Parmelia - Orelia,6,95,111,95,,,,,,
1375,507031174,Parmelia - Orelia,7,26,32,24,,,,,,
1376,507031174,Parmelia - Orelia,8,12,14,15,,,,,,
1377,507031261,Casuarina - Wandi,Total,672,746,1742,,,,,,
1378,507031261,Casuarina - Wandi,1,49,79,217,,,,,,
1379,507031261,Casuarina - Wandi,2,207,246,654,,,,,,
1380,507031261,Casuarina - Wandi,3,123,118,340,,,,,,
1381,507031261,Casuarina - Wandi,4,166,172,324,,,,,,
1382,507031261,Casuarina - Wandi,5,88,89,137,,,,,,
1383,507031261,Casuarina - Wandi,6,34,24,44,,,,,,
1384,507031261,Casuarina - Wandi,7,5,7,11,,,,,,
1385,507031261,Casuarina - Wandi,8,4,7,9,,,,,,
1386,507041175,Applecross - Ardross,Total,3757,3899,4059,,,,,,
1387,507041175,Applecross - Ardross,1,927,912,901,,,,,,
1388,507041175,Applecross - Ardross,2,1291,1367,1415,,,,,,
1389,507041175,Applecross - Ardross,3,612,628,675,,,,,,
1390,507041175,Applecross - Ardross,4,616,682,725,,,,,,
1391,507041175,Applecross - Ardross,5,246,253,272,,,,,,
1392,507041175,Applecross - Ardross,6,59,60,60,,,,,,
1393,507041175,Applecross - Ardross,7,8,3,14,,,,,,
1394,507041175,Applecross - Ardross,8,0,0,7,,,,,,
1395,507041176,Bateman,Total,1153,1244,1238,,,,,,
1396,507041176,Bateman,1,162,190,198,,,,,,
1397,507041176,Bateman,2,385,386,393,,,,,,
1398,507041176,Bateman,3,195,231,237,,,,,,
1399,507041176,Bateman,4,242,271,270,,,,,,
1400,507041176,Bateman,5,131,124,100,,,,,,
1401,507041176,Bateman,6,33,30,31,,,,,,
1402,507041176,Bateman,7,8,10,11,,,,,,
1403,507041176,Bateman,8,3,0,4,,,,,,
1404,507041177,Bicton - Palmyra,Total,5428,5492,5636,,,,,,
1405,507041177,Bicton - Palmyra,1,2023,1880,1863,,,,,,
1406,507041177,Bicton - Palmyra,2,1848,1902,1859,,,,,,
1407,507041177,Bicton - Palmyra,3,729,755,813,,,,,,
1408,507041177,Bicton - Palmyra,4,567,682,782,,,,,,
1409,507041177,Bicton - Palmyra,5,196,240,250,,,,,,
1410,507041177,Bicton - Palmyra,6,47,39,50,,,,,,
1411,507041177,Bicton - Palmyra,7,5,5,8,,,,,,
1412,507041177,Bicton - Palmyra,8,4,3,10,,,,,,
1413,507041178,Booragoon,Total,5241,5326,5391,,,,,,
1414,507041178,Booragoon,1,1447,1361,1326,,,,,,
1415,507041178,Booragoon,2,1831,1878,1781,,,,,,
1416,507041178,Booragoon,3,771,824,871,,,,,,
1417,507041178,Booragoon,4,778,831,968,,,,,,
1418,507041178,Booragoon,5,340,332,344,,,,,,
1419,507041178,Booragoon,6,68,69,83,,,,,,
1420,507041178,Booragoon,7,9,13,19,,,,,,
1421,507041178,Booragoon,8,5,10,6,,,,,,
1422,507041179,Bull Creek,Total,2724,2739,2753,,,,,,
1423,507041179,Bull Creek,1,581,583,616,,,,,,
1424,507041179,Bull Creek,2,888,896,865,,,,,,
1425,507041179,Bull Creek,3,437,495,433,,,,,,
1426,507041179,Bull Creek,4,547,520,555,,,,,,
1427,507041179,Bull Creek,5,195,178,194,,,,,,
1428,507041179,Bull Creek,6,62,44,63,,,,,,
1429,507041179,Bull Creek,7,13,11,17,,,,,,
1430,507041179,Bull Creek,8,3,3,7,,,,,,
1431,507041180,Leeming,Total,3720,3708,3699,,,,,,
1432,507041180,Leeming,1,475,480,506,,,,,,
1433,507041180,Leeming,2,1046,1142,1266,,,,,,
1434,507041180,Leeming,3,709,745,716,,,,,,
1435,507041180,Leeming,4,955,891,804,,,,,,
1436,507041180,Leeming,5,405,334,304,,,,,,
1437,507041180,Leeming,6,105,92,78,,,,,,
1438,507041180,Leeming,7,16,16,16,,,,,,
1439,507041180,Leeming,8,4,3,9,,,,,,
1440,507041181,Melville,Total,5521,5827,5942,,,,,,
1441,507041181,Melville,1,1471,1472,1461,,,,,,
1442,507041181,Melville,2,1949,1966,1891,,,,,,
1443,507041181,Melville,3,832,856,946,,,,,,
1444,507041181,Melville,4,856,1023,1102,,,,,,
1445,507041181,Melville,5,319,392,412,,,,,,
1446,507041181,Melville,6,73,82,108,,,,,,
1447,507041181,Melville,7,9,26,23,,,,,,
1448,507041181,Melville,8,9,7,3,,,,,,
1449,507041182,Murdoch - Kardinya,Total,3971,4365,4220,,,,,,
1450,507041182,Murdoch - Kardinya,1,747,872,876,,,,,,
1451,507041182,Murdoch - Kardinya,2,1306,1492,1526,,,,,,
1452,507041182,Murdoch - Kardinya,3,605,726,737,,,,,,
1453,507041182,Murdoch - Kardinya,4,840,831,709,,,,,,
1454,507041182,Murdoch - Kardinya,5,357,324,262,,,,,,
1455,507041182,Murdoch - Kardinya,6,102,104,74,,,,,,
1456,507041182,Murdoch - Kardinya,7,17,16,19,,,,,,
1457,507041182,Murdoch - Kardinya,8,6,12,17,,,,,,
1458,507041183,Willagee,Total,1841,1913,1873,,,,,,
1459,507041183,Willagee,1,654,628,595,,,,,,
1460,507041183,Willagee,2,609,607,566,,,,,,
1461,507041183,Willagee,3,275,288,287,,,,,,
1462,507041183,Willagee,4,196,257,295,,,,,,
1463,507041183,Willagee,5,68,86,90,,,,,,
1464,507041183,Willagee,6,30,34,36,,,,,,
1465,507041183,Willagee,7,0,6,5,,,,,,
1466,507041183,Willagee,8,7,9,6,,,,,,
1467,507041184,Winthrop,Total,1922,1927,1900,,,,,,
1468,507041184,Winthrop,1,129,173,185,,,,,,
1469,507041184,Winthrop,2,529,556,609,,,,,,
1470,507041184,Winthrop,3,348,338,374,,,,,,
1471,507041184,Winthrop,4,544,532,453,,,,,,
1472,507041184,Winthrop,5,271,223,198,,,,,,
1473,507041184,Winthrop,6,79,78,64,,,,,,
1474,507041184,Winthrop,7,4,19,14,,,,,,
1475,507041184,Winthrop,8,4,5,9,,,,,,
1476,507051185,Baldivis,Total,2012,5341,10387,,,,,,
1477,507051185,Baldivis,1,152,647,1517,,,,,,
1478,507051185,Baldivis,2,682,1769,3248,,,,,,
1479,507051185,Baldivis,3,365,970,1937,,,,,,
1480,507051185,Baldivis,4,495,1232,2298,,,,,,
1481,507051185,Baldivis,5,214,496,956,,,,,,
1482,507051185,Baldivis,6,71,163,319,,,,,,
1483,507051185,Baldivis,7,19,41,81,,,,,,
1484,507051185,Baldivis,8,13,23,36,,,,,,
1485,507051186,Cooloongup,Total,3181,3242,3144,,,,,,
1486,507051186,Cooloongup,1,742,781,774,,,,,,
1487,507051186,Cooloongup,2,1188,1221,1180,,,,,,
1488,507051186,Cooloongup,3,558,546,520,,,,,,
1489,507051186,Cooloongup,4,445,396,385,,,,,,
1490,507051186,Cooloongup,5,174,201,164,,,,,,
1491,507051186,Cooloongup,6,60,57,83,,,,,,
1492,507051186,Cooloongup,7,13,26,20,,,,,,
1493,507051186,Cooloongup,8,10,15,13,,,,,,
1494,507051187,Port Kennedy,Total,3800,4244,4241,,,,,,
1495,507051187,Port Kennedy,1,402,499,586,,,,,,
1496,507051187,Port Kennedy,2,1136,1246,1238,,,,,,
1497,507051187,Port Kennedy,3,695,808,849,,,,,,
1498,507051187,Port Kennedy,4,944,996,919,,,,,,
1499,507051187,Port Kennedy,5,438,463,441,,,,,,
1500,507051187,Port Kennedy,6,149,168,142,,,,,,
1501,507051187,Port Kennedy,7,24,34,41,,,,,,
1502,507051187,Port Kennedy,8,10,17,28,,,,,,
1503,507051188,Rockingham,Total,5617,6221,6230,,,,,,
1504,507051188,Rockingham,1,2046,2278,2246,,,,,,
1505,507051188,Rockingham,2,2132,2320,2306,,,,,,
1506,507051188,Rockingham,3,664,706,807,,,,,,
1507,507051188,Rockingham,4,485,604,552,,,,,,
1508,507051188,Rockingham,5,197,218,207,,,,,,
1509,507051188,Rockingham,6,70,64,82,,,,,,
1510,507051188,Rockingham,7,14,26,25,,,,,,
1511,507051188,Rockingham,8,9,3,8,,,,,,
1512,507051189,Rockingham Lakes,Total,0,0,0,,,,,,
1513,507051189,Rockingham Lakes,1,0,0,0,,,,,,
1514,507051189,Rockingham Lakes,2,0,0,0,,,,,,
1515,507051189,Rockingham Lakes,3,0,0,0,,,,,,
1516,507051189,Rockingham Lakes,4,0,0,0,,,,,,
1517,507051189,Rockingham Lakes,5,0,0,0,,,,,,
1518,507051189,Rockingham Lakes,6,0,0,0,,,,,,
1519,507051189,Rockingham Lakes,7,0,0,0,,,,,,
1520,507051189,Rockingham Lakes,8,0,0,0,,,,,,
1521,507051190,Safety Bay - Shoalwater,Total,4132,4494,4589,,,,,,
1522,507051190,Safety Bay - Shoalwater,1,1196,1291,1336,,,,,,
1523,507051190,Safety Bay - Shoalwater,2,1703,1725,1748,,,,,,
1524,507051190,Safety Bay - Shoalwater,3,493,627,625,,,,,,
1525,507051190,Safety Bay - Shoalwater,4,484,551,570,,,,,,
1526,507051190,Safety Bay - Shoalwater,5,182,217,223,,,,,,
1527,507051190,Safety Bay - Shoalwater,6,61,58,58,,,,,,
1528,507051190,Safety Bay - Shoalwater,7,19,16,12,,,,,,
1529,507051190,Safety Bay - Shoalwater,8,7,7,8,,,,,,
1530,507051191,Singleton - Golden Bay - Secret Harbour,Total,3026,4768,5950,,,,,,
1531,507051191,Singleton - Golden Bay - Secret Harbour,1,323,497,683,,,,,,
1532,507051191,Singleton - Golden Bay - Secret Harbour,2,922,1328,1581,,,,,,
1533,507051191,Singleton - Golden Bay - Secret Harbour,3,562,892,1205,,,,,,
1534,507051191,Singleton - Golden Bay - Secret Harbour,4,771,1308,1572,,,,,,
1535,507051191,Singleton - Golden Bay - Secret Harbour,5,339,527,669,,,,,,
1536,507051191,Singleton - Golden Bay - Secret Harbour,6,89,161,175,,,,,,
1537,507051191,Singleton - Golden Bay - Secret Harbour,7,17,40,40,,,,,,
1538,507051191,Singleton - Golden Bay - Secret Harbour,8,11,16,20,,,,,,
1539,507051192,Waikiki,Total,3683,4067,4255,,,,,,
1540,507051192,Waikiki,1,616,732,824,,,,,,
1541,507051192,Waikiki,2,1325,1427,1428,,,,,,
1542,507051192,Waikiki,3,615,703,766,,,,,,
1543,507051192,Waikiki,4,693,723,744,,,,,,
1544,507051192,Waikiki,5,289,324,336,,,,,,
1545,507051192,Waikiki,6,98,115,109,,,,,,
1546,507051192,Waikiki,7,27,30,27,,,,,,
1547,507051192,Waikiki,8,11,10,20,,,,,,
1548,507051193,Warnbro,Total,3789,3781,3682,,,,,,
1549,507051193,Warnbro,1,667,708,749,,,,,,
1550,507051193,Warnbro,2,1292,1252,1302,,,,,,
1551,507051193,Warnbro,3,681,669,642,,,,,,
1552,507051193,Warnbro,4,652,705,601,,,,,,
1553,507051193,Warnbro,5,320,289,255,,,,,,
1554,507051193,Warnbro,6,131,122,100,,,,,,
1555,507051193,Warnbro,7,30,20,35,,,,,,
1556,507051193,Warnbro,8,15,18,9,,,,,,
